yahoo_symbol,isin,eps_ttm,shares,fetched_at,error
HDFCBANK.NS,INE040A01034,45.75,15418477012.0,2026-09-26,
RELIANCE.NS,INE002A01018,55.17,,2026-09-26,
BSE.NS,INE118H01025,66.86,406129077.0,2026-09-26,
ICICIBANK.NS,INE090A01021,77.0,7178409931.0,2026-09-26,
IFCI.NS,INE039A01010,0.66,2694314331.0,2026-09-26,
BHARTIARTL.NS,INE397D01024,47.49,6238008259.0,2026-09-26,
ETERNAL.NS,INE758T01015,0.47,9205393097.0,2026-09-26,
INFY.NS,INE009A01021,77.52,4050343559.0,2026-09-26,
LENSKART.NS,INE956O01016,3.81,1731440176.0,2026-09-26,
ATHERENERG.NS,INE0LEZ01016,-10.03,396119200.0,2026-09-26,
PINELABS.NS,INE15B701018,1.09,1154748812.0,2026-09-26,
GROWW.NS,INE0HOQ01053,3.95,6191576922.0,2026-09-26,
PCJEWELLER.NS,INE785M01021,0.87,9807757077.0,2026-09-26,
SBIN.NS,INE062A01020,93.48,9230617586.0,2026-09-26,
PAYTM.NS,INE982J01020,10.04,639407626.0,2026-09-26,
SWIGGY.NS,INE00H001014,-14.78,2620001701.0,2026-09-26,
TCS.NS,INE467B01029,137.62,,2026-09-26,
MCX.NS,INE745G01043,60.51,,2026-09-26,
POLICYBZR.NS,INE417T01026,16.09,462099887.0,2026-09-26,
LAURUSLABS.NS,INE947Q01028,20.27,540312218.0,2026-09-26,
M&M.NS,INE101A01026,164.19,1200762264.0,2026-09-26,
NETWEB.NS,INE0NT901020,45.9,59447551.0,2026-09-26,
RAYMOND.NS,INE301A01014,6.58,66551431.0,2026-09-26,
IDEA.NS,INE669E01016,3.49,108343035001.0,2026-09-26,
BAJFINANCE.NS,INE296A01032,30.64,6220913102.0,2026-09-26,
AXISBANK.NS,INE238A01034,84.83,3113573654.0,2026-09-26,
ADANIENT.NS,INE423A01024,57.46,1352949234.0,2026-09-26,
WELCORP.NS,INE191B01025,87.52,263703928.0,2026-09-26,
NSE.BO,INE721I01024,,,2026-09-26,
MEESHO.NS,INE0VDM01015,-2.6,4627292177.0,2026-09-26,
MVELECTRO.NS,INE0OWZ01020,-4.64,27282728.0,2026-09-26,
LT.NS,INE018A01030,120.55,1375866086.0,2026-09-26,
GLASSWALL.NS,INE644Q01039,,,2026-09-26,
SOLARINDS.NS,INE343H01029,219.17,90490055.0,2026-09-26,
TATASTEEL.NS,INE081A01020,8.83,12474316070.0,2026-09-26,
ADANIENSOL.NS,INE931S01010,24.23,1222954468.0,2026-09-26,
MARUTI.NS,INE585B01010,456.06,314402574.0,2026-09-26,
CUPID.NS,INE509F01029,1.0,1344660700.0,2026-09-26,
MOLBIO.NS,INE869T01028,21.56,115239996.0,2026-09-26,
COFORGE.NS,INE591G01025,48.88,443038622.0,2026-09-26,
DIVISLAB.NS,INE361B01024,110.62,265468580.0,2026-09-26,
KOTAKBANK.NS,INE237A01036,20.4,9947881278.0,2026-09-26,
ESDS.NS,INE0DRI01029,10.56,117210969.0,2026-09-26,
ANTELOPUS.NS,INE818A01017,37.47,35162358.0,2026-09-26,
COALINDIA.NS,INE522F01014,50.26,6162728327.0,2026-09-26,
SYRMA.NS,INE0DYJ01015,19.41,192624977.0,2026-09-26,
HINDCOPPER.NS,INE531E01026,11.77,967024020.0,2026-09-26,
ADANIPORTS.NS,INE742F01042,58.65,2303959098.0,2026-09-26,
DIXON.NS,INE935N01020,306.63,60801893.0,2026-09-26,
DHOOTTRANS.NS,INE01NH01023,21.22,204548057.0,2026-09-26,
KALYANKJIL.NS,INE303R01014,13.87,1032750972.0,2026-09-26,
SHRIRAMFIN.NS,INE721A01047,56.66,2353045034.0,2026-09-26,
SSRETAIL.NS,INE1EQW01028,8.69,74367575.0,2026-09-26,
OLAELEC.NS,INE0LXG01040,-3.94,4418680703.0,2026-09-26,
KAYNES.NS,INE918Z01012,51.46,67222491.0,2026-09-26,
MILKYMIST.NS,INE00IT01020,2.39,769843411.0,2026-09-26,
BEL.NS,INE263A01024,8.38,7309778829.0,2026-09-26,
ADANIPOWER.NS,INE814H01029,7.38,19284694705.0,2026-09-26,
HAL.NS,INE066F01020,139.2,668775000.0,2026-09-26,
TVSMOTOR.NS,INE494B01023,72.34,,2026-09-26,
TEMPSENS.NS,INE1KZI01025,8.28,,2026-09-26,
GVT&D.NS,INE200A01026,50.93,256046535.0,2026-09-26,
LALITHAA.NS,INE0K9O01026,17.04,559709811.0,2026-09-26,
KANOHAR.NS,INE877D01025,,,2026-09-26,
SAIL.NS,INE114A01011,10.34,4130525289.0,2026-09-26,
ITC.NS,INE154A01025,15.84,12530517081.0,2026-09-26,
SYMBIOTEC.NS,INE899I01028,14.65,,2026-09-26,
HINDALCO.NS,INE038A01020,73.67,2219837078.0,2026-09-26,
POLYCAB.NS,INE455K01017,190.03,150635053.0,2026-09-26,
GRAPHITE.NS,INE371A01025,10.92,195375594.0,2026-09-26,
TEJASNET.NS,INE010J01012,-51.75,177909524.0,2026-09-26,
EICHERMOT.NS,INE066A01021,210.5,274521706.0,2026-09-26,
HCLTECH.NS,INE860A01027,64.28,2705766714.0,2026-09-26,
LUMINO.NS,INE185Q01025,5.58,,2026-09-26,
TMCV.NS,INE1TAE01010,11.39,3682789352.0,2026-09-26,
KEI.NS,INE878B01027,104.22,95600595.0,2026-09-26,
INDIGO.NS,INE646L01027,-120.78,386666597.0,2026-09-26,
VAML.NS,INE1CDF01017,9.86,3904155728.0,2026-09-26,
WOCKPHARMA.NS,INE049B01025,25.15,162492169.0,2026-09-26,
PFC.NS,INE134E01011,78.92,3300101760.0,2026-09-26,
BALRAMCHIN.NS,INE119A01028,18.17,211597496.0,2026-09-26,
APOLLO.NS,INE713T01028,3.48,371599512.0,2026-09-26,
HEROMOTOCO.NS,INE158A01026,266.92,200141207.0,2026-09-26,
LICI.NS,INE0J1Y01017,47.49,12649995402.0,2026-09-26,
SUNPHARMA.NS,INE044A01036,50.38,2399334970.0,2026-09-26,
ULTRACEMCO.NS,INE481G01011,290.03,294169635.0,2026-09-26,
NIACL.NS,INE470Y01017,4.66,1648000000.0,2026-09-26,
OFSS.NS,INE881D01027,391.65,87102017.0,2026-09-26,
TECHM.NS,INE669C01036,57.9,885923456.0,2026-09-26,
TMPV.NS,INE155A01022,-9.18,3682992140.0,2026-09-26,
DATAPATTNS.NS,INE0IX101010,47.72,55983969.0,2026-09-26,
HINDZINC.NS,INE267A01025,40.4,4225319000.0,2026-09-26,
RENTOMOJO.NS,INE08T701025,10.0,,2026-09-26,
TITAN.NS,INE280A01028,64.96,887312335.0,2026-09-26,
GRASIM.NS,INE047A01021,83.92,678196497.0,2026-09-26,
POWERINDIA.NS,INE07Y701011,257.59,44572363.0,2026-09-26,
PERSISTENT.NS,INE262H01021,121.94,156231044.0,2026-09-26,
INDOMIM.NS,INE084101034,12.25,494480907.0,2026-09-26,
CHENNPETRO.NS,INE178A01016,280.37,148911400.0,2026-09-26,
BHEL.NS,INE257A01026,7.04,3482063355.0,2026-09-26,
NTPC.NS,INE733E01010,32.76,9696666134.0,2026-09-26,
CHOLAFIN.NS,INE121A01024,67.67,854065996.0,2026-09-26,
REDINGTON.NS,INE891D01026,21.75,781774431.0,2026-09-26,
JIOFIN.NS,INE758E01017,3.22,6603141623.0,2026-09-26,
APOLLOHOSP.NS,INE437A01024,144.89,143784657.0,2026-09-26,
HSCL.NS,INE019C01026,15.95,504574175.0,2026-09-26,
TATACHEM.NS,INE092A01019,-84.98,254756278.0,2026-09-26,
BAJAJ-AUTO.NS,INE917I01010,420.78,274803838.0,2026-09-26,
ENGINERSIN.NS,INE510A01028,13.95,562042373.0,2026-09-26,
HINDUNILVR.NS,INE030A01027,45.08,2349591262.0,2026-09-26,
DLF.NS,INE271C01023,17.96,2475311706.0,2026-09-26,
HDFCLIFE.NS,INE795G01014,9.13,2172049147.0,2026-09-26,
EPL.NS,INE255A01020,12.07,320821173.0,2026-09-26,
MOREPENLAB.NS,INE083A01026,2.56,547953699.0,2026-09-26,
VBL.NS,INE200M01039,10.0,3382494644.0,2026-09-26,
POWERGRID.NS,INE752E01010,20.43,9300603819.0,2026-09-26,
ONGC.NS,INE213A01029,34.6,12580279206.0,2026-09-26,
BANDHANBNK.NS,INE545U01014,8.39,1611147348.0,2026-09-26,
APARINDS.NS,INE372A01015,293.3,41872337.0,2026-09-26,
WHIRLPOOL.NS,INE716A01013,19.76,126871830.0,2026-09-26,
SUZLON.NS,INE040H01021,2.29,13746277362.0,2026-09-26,
CGPOWER.NS,INE067A01029,7.97,1575468309.0,2026-09-26,
HEROMOTORS.NS,INE012G01022,0.96,454215576.0,2026-09-26,
RATNAVEER.NS,INE05CZ01011,18.43,83926350.0,2026-09-26,
VEDL.NS,INE205A01025,22.77,3904801732.0,2026-09-26,
AUGMONT.NS,INE16W401027,25.72,,2026-09-26,
INDUSINDBK.NS,INE095A01012,16.28,779144712.0,2026-09-26,
ZEEL.NS,INE256A01028,2.11,960519420.0,2026-09-26,
LICHSGFIN.NS,INE115A01026,104.31,550063000.0,2026-09-26,
SBICARD.NS,INE018E01016,23.9,951643783.0,2026-09-26,
PATANJALI.NS,INE619A01035,18.1,1087879698.0,2026-09-26,
WHEELS.NS,INE715A01015,66.83,25665043.0,2026-09-26,
ASHOKLEY.NS,INE208A01029,5.92,,2026-09-26,
MAXHEALTH.NS,INE027H01010,14.91,973310251.0,2026-09-26,
HFCL.NS,INE548A01028,3.85,1530263663.0,2026-09-26,
TRENT.NS,INE849A01020,33.9,533232301.0,2026-09-26,
MOTHERSON.NS,INE775A01035,4.16,10531231231.0,2026-09-26,
JINDWORLD.NS,INE247D01039,0.85,1002602000.0,2026-09-26,
HBLENGINE.NS,INE292B01021,28.21,277194946.0,2026-09-26,
LODHA.NS,INE670K01029,41.24,999223237.0,2026-09-26,
LTM.NS,INE214T01019,176.39,296461217.0,2026-09-26,
WIPRO.NS,INE075A01022,12.6,9893340252.0,2026-09-26,
BHARATFORG.NS,INE465A01025,14.86,488670642.0,2026-09-26,
IDFCFIRSTB.NS,INE092T01019,2.47,8622825121.0,2026-09-26,
CUMMINSIND.NS,INE298A01020,85.55,277200000.0,2026-09-26,
ANANTRAJ.NS,INE242C01024,16.3,359876930.0,2026-09-26,
SKYWAYS.NS,INE0PX301025,3.91,145343544.0,2026-09-26,
SHAREINDIA.NS,INE932X01026,16.56,218825530.0,2026-09-26,
ADANIGREEN.NS,INE364U01010,10.5,1647176155.0,2026-09-26,
NAUKRI.NS,INE663F01032,24.72,647737579.0,2026-09-26,
MFSL.NS,INE180A01020,3.21,343298749.0,2026-09-26,
MUTHOOTFIN.NS,INE414G01012,283.36,401468476.0,2026-09-26,
ASTRAL.NS,INE006I01046,21.4,268650163.0,2026-09-26,
MANINDS.NS,INE993A01026,27.14,75009571.0,2026-09-26,
FEDERALBNK.NS,INE171A01029,18.68,2470277782.0,2026-09-26,
RBLBANK.NS,INE976G01028,12.12,1551642481.0,2026-09-26,
BALKRISIND.NS,INE787D01026,72.77,193317190.0,2026-09-26,
FINCABLES.NS,INE235A01022,52.3,152939345.0,2026-09-26,
GLAND.NS,INE068V01023,68.55,165010854.0,2026-09-26,
ATGL.NS,INE399L01023,5.75,1099810083.0,2026-09-26,
NATIONALUM.NS,INE139A01034,36.23,1836631787.0,2026-09-26,
SBILIFE.NS,INE123W01016,25.96,1003405073.0,2026-09-26,
JSWSTEEL.NS,INE019A01038,101.39,2440978228.0,2026-09-26,
PWL.NS,INE0LP301011,0.07,2900900000.0,2026-09-26,
RAYMONDREL.NS,INE1SY401010,45.03,66551431.0,2026-09-26,
MRPL.NS,INE103A01014,17.92,1752598777.0,2026-09-26,
IIFL.NS,INE530B01024,49.08,425289575.0,2026-09-26,
YESBANK.NS,INE528G01035,1.2,31389067719.0,2026-09-26,
ANGELONE.NS,INE732I01021,11.09,914594776.0,2026-09-26,
TATAINVEST.NS,INE672A01026,8.54,505952960.0,2026-09-26,
LTF.NS,INE498L01015,12.67,2506352570.0,2026-09-26,
AVALON.NS,INE0LCL01028,20.03,66882300.0,2026-09-26,
NESTLEIND.NS,INE239A01024,19.76,1928314320.0,2026-09-26,
BANKBARODA.NS,INE028A01039,35.12,5171362179.0,2026-09-26,
TEGA.NS,INE011K01018,3.76,75127698.0,2026-09-26,
JSWINFRA.NS,INE880J01026,7.1,2315161753.0,2026-09-26,
TORNTPHARM.NS,INE685A01028,62.36,380367856.0,2026-09-26,
TBZ.NS,INE760L01018,32.06,66730620.0,2026-09-26,
ZENSARTECH.NS,INE520A01027,34.75,226799456.0,2026-09-26,
DRREDDY.NS,INE089A01031,39.75,832988625.0,2026-09-26,
TDPOWERSYS.NS,INE419M01035,8.79,313706860.0,2026-09-26,
INDUSTOWER.NS,INE121J01017,27.12,2637202542.0,2026-09-26,
SONACOMS.NS,INE073K01018,11.21,624128424.0,2026-09-26,
CDSL.NS,INE736A01011,22.54,209000000.0,2026-09-26,
DMART.NS,INE192R01011,46.21,652245977.0,2026-09-26,
WAAREEENER.NS,INE377N01017,132.48,287651335.0,2026-09-26,
NAM-INDIA.NS,INE298J01013,25.22,640041982.0,2026-09-26,
RRKABEL.NS,INE777K01022,53.6,113105505.0,2026-09-26,
PAISALO.NS,INE420C01059,2.77,914149114.0,2026-09-26,
COCHINSHIP.NS,INE704P01025,25.89,263080780.0,2026-09-26,
ZYDUSLIFE.NS,INE010B01027,45.75,997503832.0,2026-09-26,
APLAPOLLO.NS,INE702C01027,44.13,277658405.0,2026-09-26,
MARICO.NS,INE196A01026,14.58,1297992656.0,2026-09-26,
PNB.NS,INE160A01022,19.22,11492943268.0,2026-09-26,
HDFCAMC.NS,INE127D01025,66.65,429073398.0,2026-09-26,
WABAG.NS,INE956G01038,57.44,62491568.0,2026-09-26,
KARAMTARA.NS,INE590T01012,7.1,,2026-09-26,
CGCL.NS,INE180C01042,11.75,962153962.0,2026-09-26,
RECLTD.NS,INE020B01018,60.77,,2026-09-26,
TFCILTD.NS,INE305A01023,3.33,462977240.0,2026-09-26,
ICICIAMC.NS,INE346A01027,70.26,494258520.0,2026-09-26,
BPCL.NS,INE029A01011,40.11,4272584874.0,2026-09-26,
CANBK.NS,INE476A01022,21.9,9070651260.0,2026-09-26,
LUPIN.NS,INE326A01037,120.71,457289972.0,2026-09-26,
TATAPOWER.NS,INE245A01021,12.05,3195339547.0,2026-09-26,
BLUESTONE.NS,INE304W01038,3.88,152778705.0,2026-09-26,
SAILIFE.NS,INE570L01029,17.04,212418216.0,2026-09-26,
EMUDHRA.NS,INE01QM01018,13.92,82043531.0,2026-09-26,
FCL.NS,INE045J01034,0.27,1164500900.0,2026-09-26,
STLTECH.NS,INE089C01029,4.6,514057433.0,2026-09-26,
HYUNDAI.NS,INE0V6F01027,60.91,812541100.0,2026-09-26,
HINDPETRO.NS,INE094A01015,7.86,2127822517.0,2026-09-26,
EDELWEISS.NS,INE532F01054,7.44,946531653.0,2026-09-26,
GMRAIRPORT.NS,INE776C01039,0.4,10558975952.0,2026-09-26,
JYOTICNC.NS,INE980O01024,14.17,227423096.0,2026-09-26,
BOSCHLTD.NS,INE323A01026,800.85,,2026-09-26,
AUROPHARMA.NS,INE406A01037,64.04,575377895.0,2026-09-26,
ASIANPAINT.NS,INE021A01026,49.61,958644295.0,2026-09-26,
MAZDOCK.NS,INE249Z01020,66.43,403380000.0,2026-09-26,
PARAS.NS,INE045601023,11.76,80587330.0,2026-09-26,
MIDHANI.NS,INE099Z01011,7.21,187340000.0,2026-09-26,
INDHOTEL.NS,INE053A01029,15.04,1446605715.0,2026-09-26,
SUNSHINE.NS,INE1B3O01011,0.17,31148784.0,2026-09-26,
IDBI.NS,INE008A01015,8.67,10752402175.0,2026-09-26,
NYKAA.NS,INE388Y01029,0.89,2865270707.0,2026-09-26,
UNIONBANK.NS,INE692A01016,26.95,7633605607.0,2026-09-26,
BDL.NS,INE171Z01026,14.25,366562500.0,2026-09-26,
FIRSTCRY.NS,INE02RE01045,-2.59,485236384.0,2026-09-26,
SHIPROCKET.NS,INE0FOO01011,-1.03,727577587.0,2026-09-26,
BIOCON.NS,INE376G01013,3.44,,2026-09-26,
AEGISLOG.NS,INE208C01025,35.64,351000000.0,2026-09-26,
GRANULES.NS,INE101D01020,26.93,272779827.0,2026-09-26,
URBANCO.NS,INE0CAZ01013,-2.26,1472540141.0,2026-09-26,
CIPLA.NS,INE059A01026,41.71,807870615.0,2026-09-26,
MANAPPURAM.NS,INE522D01027,16.37,939336102.0,2026-09-26,
ICICIGI.NS,INE765G01017,48.32,499614796.0,2026-09-26,
UPL.NS,INE628A01036,24.37,844169318.0,2026-09-26,
MAHABANK.NS,INE457A01014,9.79,7691554950.0,2026-09-26,
BAJAJFINSV.NS,INE918I01026,63.22,1600244726.0,2026-09-26,
ABB.NS,INE117A01022,74.76,211908375.0,2026-09-26,
AHCL.NS,INE0Y8W01025,0.67,531515000.0,2026-09-26,
GODREJPROP.NS,INE484J01027,53.04,301226497.0,2026-09-26,
FORCEMOT.NS,INE451A01017,949.38,13176262.0,2026-09-26,
ACMESOLAR.NS,INE622W01025,9.7,706291446.0,2026-09-26,
AUBANK.NS,INE949L01017,37.77,749415850.0,2026-09-26,
BRITANNIA.NS,INE216A01030,108.13,240868296.0,2026-09-26,
GESHIP.NS,INE017A01032,261.86,140965539.0,2026-09-26,
GLENMARK.NS,INE935A01035,63.78,282224672.0,2026-09-26,
ENRIN.NS,INE1NPP01017,41.74,356120505.0,2026-09-26,
GODREJCP.NS,INE102D01028,18.74,1023304953.0,2026-09-26,
KSCL.NS,INE455I01029,48.03,51040869.0,2026-09-26,
MOTISONS.NS,INE0FRK01020,0.68,1137506600.0,2026-09-26,
OIL.NS,INE274J01014,51.36,1626607791.0,2026-09-26,
DEEPA.NS,INE1M2N01020,10.91,96124293.0,2026-09-26,
SWANCORP.NS,INE665A01038,7.05,313456886.0,2026-09-26,
TATACONSUM.NS,INE192A01025,16.37,989690012.0,2026-09-26,
SHANTIGOLD.NS,INE06ZD01017,23.45,76739471.0,2026-09-26,
SANSERA.NS,INE953O01021,51.75,62417757.0,2026-09-26,
JPPOWER.NS,INE351F01018,0.7,6853458827.0,2026-09-26,
RADICO.NS,INE944F01028,51.09,133989065.0,2026-09-26,
NAVINFLUOR.NS,INE048G01026,154.52,51300054.0,2026-09-26,
FMGOETZE.NS,INE529A01010,30.74,55632130.0,2026-09-26,
PREMIERENE.NS,INE0BS701011,37.29,451446522.0,2026-09-26,
SHILPAMED.NS,INE790G01031,15.2,195581816.0,2026-09-26,
VMM.NS,INE01EA01019,1.9,4684808639.0,2026-09-26,
PNBHOUSING.NS,INE572E01012,85.26,260803913.0,2026-09-26,
JSWENERGY.NS,INE121E01018,12.77,1832372944.0,2026-09-26,
GAIL.NS,INE129A01019,15.02,6575079643.0,2026-09-26,
ABCAPITAL.NS,INE674K01013,15.44,2737795948.0,2026-09-26,
ACUTAAS.NS,INE00FF01025,47.12,81871122.0,2026-09-26,
IOC.NS,INE242A01010,24.11,,2026-09-26,
MPHASIS.NS,INE356A01018,100.08,190817050.0,2026-09-26,
360ONE.NS,INE466L01038,30.04,407914200.0,2026-09-26,
SIEMENS.NS,INE003A01024,47.3,356120505.0,2026-09-26,
AZAD.NS,INE02IJ01035,21.55,64581743.0,2026-09-26,
PIDILITIND.NS,INE318A01026,25.94,1018540168.0,2026-09-26,
PROTEAN.NS,INE004A01022,20.31,40779165.0,2026-09-26,
GABRIEL.NS,INE524A01029,17.33,191634227.0,2026-09-26,
CPPLUS.NS,INE819V01029,40.56,122626942.0,2026-09-26,
EXIDEIND.NS,INE302A01020,10.97,850000000.0,2026-09-26,
BEML.NS,INE258A01024,20.85,83289000.0,2026-09-26,
NEULANDLAB.NS,INE794A01010,387.45,12829889.0,2026-09-26,
ELECON.NS,INE205B01031,10.51,224399930.0,2026-09-26,
MANIPALHOS.NS,INE459N01021,4.8,1315377202.0,2026-09-26,
SHADOWFAX.NS,INE12UN01015,2.89,586942990.0,2026-09-26,
VTL.NS,INE825A01020,29.75,289475800.0,2026-09-26,
TRANSRAILL.NS,INE454P01035,30.13,134256025.0,2026-09-26,
VOGL.NS,INE704J01044,-0.22,3904155728.0,2026-09-26,
FORTIS.NS,INE061F01013,13.91,754958148.0,2026-09-26,
CARTRADE.NS,INE290S01011,46.54,48614885.0,2026-09-26,
HAVELLS.NS,INE176B01034,25.99,627561652.0,2026-09-26,
DELHIVERY.NS,INE148O01028,1.23,749294369.0,2026-09-26,
SSWL.NS,INE802C01033,13.48,157265105.0,2026-09-26,
SAMBHV.NS,INE12NJ01018,5.82,294671429.0,2026-09-26,
NMDC.NS,INE584A01023,8.36,8791817550.0,2026-09-26,
KPITTECH.NS,INE04I401011,21.3,272227219.0,2026-09-26,
CAMS.NS,INE596I01020,19.88,248418378.0,2026-09-26,
EMAMILTD.NS,INE548C01032,17.17,433683000.0,2026-09-26,
PIRAMALFIN.NS,INE202B01038,74.57,236146178.0,2026-09-26,
JSL.NS,INE220G01021,39.36,823949824.0,2026-09-26,
WELSPUNLIV.NS,INE192B01031,2.9,941445014.0,2026-09-26,
YATHARTH.NS,INE0JO301016,18.73,96354357.0,2026-09-26,
XTRANET.NS,INE0NG701011,7.7,52285700.0,2026-09-26,
RVNL.NS,INE415G01027,4.31,2085020100.0,2026-09-26,
KIRLOSENG.NS,INE146L01010,36.97,145519854.0,2026-09-26,
INOXWIND.NS,INE066P01011,2.05,1728237822.0,2026-09-26,
MANKIND.NS,INE634S01028,49.5,413045090.0,2026-09-26,
RAIN.NS,INE855B01025,15.97,336345679.0,2026-09-26,
CAPLIPOINT.NS,INE475E01026,87.32,76011696.0,2026-09-26,
MANALIPETC.NS,INE201A01024,10.47,171999229.0,2026-09-26,
PPLPHARMA.NS,INE0DK501011,-2.36,1325018448.0,2026-09-26,
OPTIEMUS.NS,INE350C01017,8.04,90166450.0,2026-09-26,
ANTHEM.NS,INE0CZ201020,10.13,561713851.0,2026-09-26,
KIRIINDUS.NS,INE415I01015,944.07,65168000.0,2026-09-26,
SOTL.NS,INE035D01020,60.34,68560415.0,2026-09-26,
IOLCP.NS,INE485C01029,5.72,293527510.0,2026-09-26,
OBEROIRLTY.NS,INE093I01010,72.3,363602237.0,2026-09-26,
LGEINDIA.NS,INE324D01010,26.92,678772392.0,2026-09-26,
ASTERDM.NS,INE914M01019,6.15,871672439.0,2026-09-26,
HIKAL.NS,INE475B01022,-2.74,123300750.0,2026-09-26,
SKIPPER.NS,INE439E01022,19.9,122160635.0,2026-09-26,
BLUESTARCO.NS,INE472A01039,24.73,205592636.0,2026-09-26,
INDIANB.NS,INE562A01011,94.93,1346963981.0,2026-09-26,
PVRINOX.NS,INE191H01014,28.48,98199962.0,2026-09-26,
COLPAL.NS,INE259A01022,49.55,271985634.0,2026-09-26,
MARINE.NS,INE01JE01028,4.59,139944410.0,2026-09-26,
AMBER.NS,INE371P01015,26.45,35267767.0,2026-09-26,
STEAMHOUSE.NS,INE0FRO01022,1.36,,2026-09-26,
BODALCHEM.NS,INE338D01028,5.45,125944065.0,2026-09-26,
PTCIL.NS,INE596F01018,82.88,14992549.0,2026-09-26,
UJJIVANSFB.NS,INE551W01018,4.58,1951056342.0,2026-09-26,
DABUR.NS,INE016A01026,11.11,1773957026.0,2026-09-26,
SAGILITY.NS,INE0W2G01015,2.12,4681328413.0,2026-09-26,
ICICIPRULI.NS,INE726G01019,11.62,1450782117.0,2026-09-26,
TATATECH.NS,INE142M01025,13.71,406051830.0,2026-09-26,
PFOCUS.NS,INE367G01038,1.39,778773880.0,2026-09-26,
NORTHARC.NS,INE850M01015,25.91,161796509.0,2026-09-26,
NHPC.NS,INE848E01016,2.73,10045034805.0,2026-09-26,
MASTEK.NS,INE759A01021,131.36,31006376.0,2026-09-26,
PHOENIXLTD.NS,INE211B01039,36.2,357677858.0,2026-09-26,
EMMVEE.NS,INE1C6T01020,18.41,692345033.0,2026-09-26,
VOLTAS.NS,INE226A01021,13.53,330884740.0,2026-09-26,
INOXINDIA.NS,INE616N01034,27.98,90922459.0,2026-09-26,
MOTILALOFS.NS,INE338I01027,32.21,602977213.0,2026-09-26,
VIYASH.NS,INE807F01027,4.74,441215420.0,2026-09-26,
SHREEJISPG.NS,INE1B6101010,10.16,162918254.0,2026-09-26,
JINDALSTEL.NS,INE749A01030,26.67,1017488097.0,2026-09-26,
ALKEM.NS,INE540L01014,180.37,119565000.0,2026-09-26,
OMAXE.NS,INE800H01010,-27.89,182900540.0,2026-09-26,
AFCONS.NS,INE101I01011,3.89,367784631.0,2026-09-26,
MARKSANS.NS,INE750C01026,11.39,453163746.0,2026-09-26,
LLOYDSENGG.NS,INE093R01011,1.7,1546533750.0,2026-09-26,
UNITDSPR.NS,INE854D01024,23.78,710055403.0,2026-09-26,
MTARTECH.NS,INE864I01014,43.47,30759591.0,2026-09-26,
KPIGREEN.NS,INE542W01025,23.07,197671968.0,2026-09-26,
UNOMINDA.NS,INE405E01023,20.83,577467206.0,2026-09-26,
SAMMAANCAP.NS,INE148I01020,-89.77,1145673631.0,2026-09-26,
GRSE.NS,INE382Z01011,69.8,114552000.0,2026-09-26,
CRAFTSMAN.NS,INE00LO01017,194.3,26154433.0,2026-09-26,
AEROFLEX.NS,INE024001021,5.15,132330768.0,2026-09-26,
GMMPFAUDLR.NS,INE541A01023,15.65,44957224.0,2026-09-26,
BELRISE.NS,INE894V01022,5.7,967151919.0,2026-09-26,
GNFC.NS,INE113A01013,70.59,146940683.0,2026-09-26,
SHANKESH.NS,INE1WFC01025,7.25,147031420.0,2026-09-26,
CYIENT.NS,INE136B01020,34.06,104101639.0,2026-09-26,
GENUSPOWER.NS,INE955D01029,23.42,276598765.0,2026-09-26,
RIR.NS,INE302D01024,1.17,79572400.0,2026-09-26,
TATAELXSI.NS,INE670A01012,105.17,62299561.0,2026-09-26,
SEDEMAC.NS,INE00XB01019,27.21,44167500.0,2026-09-26,
ASHOKA.NS,INE442H01029,87.65,280723217.0,2026-09-26,
PRESTIGE.NS,INE811K01011,26.45,430730232.0,2026-09-26,
CARBORUNIV.NS,INE120A01034,11.12,190505384.0,2026-09-26,
HAPPSTMNDS.NS,INE419U01012,14.81,150261936.0,2026-09-26,
PAGEIND.NS,INE761H01022,678.51,11153874.0,2026-09-26,
SHYAMMETL.NS,INE810G01011,40.51,278326554.0,2026-09-26,
KTKBANK.NS,INE614B01018,37.94,378181464.0,2026-09-26,
WELENT.NS,INE625G01013,24.6,135613810.0,2026-09-26,
VENUSPIPES.NS,INE0JA001018,50.19,20716110.0,2026-09-26,
NAZARA.NS,INE418L01047,-1.46,384696024.0,2026-09-26,
FSL.NS,INE684F01012,9.52,690535266.0,2026-09-26,
QUADFUTURE.NS,INE0LRY01011,-9.64,40000000.0,2026-09-26,
AARTIPHARM.NS,INE0LRU01027,22.42,90679813.0,2026-09-26,
ANURAS.NS,INE930P01018,15.38,113849841.0,2026-09-26,
VISL.NS,INE1CLE01013,-6.72,3904155728.0,2026-09-26,
PIIND.NS,INE603J01030,76.83,151706138.0,2026-09-26,
CONCOR.NS,INE111A01025,16.34,761617935.0,2026-09-26,
NEWGEN.NS,INE619B01017,22.18,141351724.0,2026-09-26,
SMLMAH.NS,INE294B01019,107.84,14471646.0,2026-09-26,
TECHNOCRAF.NS,INE1D0W01018,10.95,39606200.0,2026-09-26,
SMSPHARMA.NS,INE812G01025,11.09,93652030.0,2026-09-26,
ABDL.NS,INE552Z01027,7.9,279710151.0,2026-09-26,
BANKINDIA.NS,INE084A01016,27.01,4552667866.0,2026-09-26,
USHAMART.NS,INE228A01035,17.48,304400280.0,2026-09-26,
DYCL.NS,INE600Y01019,18.79,48458638.0,2026-09-26,
CYIENTDLM.NS,INE055S01018,10.34,79364396.0,2026-09-26,
SUPREMEIND.NS,INE195A01028,81.3,127026870.0,2026-09-26,
ROSSTECH.NS,INE0OJW01016,6.87,37696475.0,2026-09-26,
BALUFORGE.NS,INE011E01029,24.33,121391900.0,2026-09-26,
EBGNG.NS,INE18JU01028,12.44,114011517.0,2026-09-26,
SKYGOLD.NS,INE01IU01018,21.74,154873884.0,2026-09-26,
SBIFUNDS.NS,INE640G01020,15.08,2036827612.0,2026-09-26,
M&MFIN.NS,INE774D01024,23.45,1389624195.0,2026-09-26,
ANANDRATHI.NS,INE463V01026,27.65,166041268.0,2026-09-26,
LLOYDSME.NS,INE281B01032,85.65,562731642.0,2026-09-26,
FLUOROCHEM.NS,INE09N301011,55.96,109850000.0,2026-09-26,
EMIL.NS,INE02YR01019,5.37,384748762.0,2026-09-26,
CASTROLIND.NS,INE172A01027,10.73,989122384.0,2026-09-26,
BAJAJHIND.NS,INE306A01021,2.03,2388886041.0,2026-09-26,
KOPRAN.NS,INE082A01010,5.43,48326105.0,2026-09-26,
FILATEX.NS,INE816B01035,4.3,444058375.0,2026-09-26,
LALPATHLAB.NS,INE600L01024,32.41,166977774.0,2026-09-26,
SOUTHBANK.NS,INE683A01023,5.76,2619503707.0,2026-09-26,
PRANAV.NS,INE0H4201019,6.33,,2026-09-26,
KISSHT.NS,INE12F801023,18.81,177269272.0,2026-09-26,
AFFLE.NS,INE00WC01027,33.77,140740451.0,2026-09-26,
CROMPTON.NS,INE299U01018,-3.48,643914875.0,2026-09-26,
GODREJAGRO.NS,INE850D01014,23.22,192411390.0,2026-09-26,
IRFC.NS,INE053F01010,5.49,13068506000.0,2026-09-26,
JAINREC.NS,INE0YD401026,10.67,345085814.0,2026-09-26,
LEAPIND.NS,INE00GO01025,1.54,440536458.0,2026-09-26,
KWIL.NS,INE2KCE01013,,2349591262.0,2026-09-26,
JASH.NS,INE039O01029,13.6,62905120.0,2026-09-26,
JINDALSAW.NS,INE324A01032,10.22,637621094.0,2026-09-26,
PCBL.NS,INE602A01031,6.59,393462604.0,2026-09-26,
ITDC.NS,INE353K01014,9.58,85769400.0,2026-09-26,
MOBIKWIK.NS,INE0HLU01028,-1.56,78746917.0,2026-09-26,
AEGISVOPAK.NS,INE0INX01018,2.76,1107991489.0,2026-09-26,
ONESOURCE.NS,INE013P01021,-4.17,114673791.0,2026-09-26,
PRECWIRE.NS,INE372C01037,9.85,182807975.0,2026-09-26,
POONAWALLA.NS,INE511C01022,9.55,875892904.0,2026-09-26,
PARAGMILK.NS,INE883N01014,10.1,126508539.0,2026-09-26,
TORNTPOWER.NS,INE813H01021,46.17,503903543.0,2026-09-26,
STARHEALTH.NS,INE575P01011,11.33,588403502.0,2026-09-26,
SHAILY.NS,INE151G01028,38.34,45995248.0,2026-09-26,
NUVAMA.NS,INE531F01023,58.18,184515689.0,2026-09-26,
TITAGARH.NS,INE615H01020,14.56,119881000.0,2026-09-26,
COHANCE.NS,INE03QK01018,2.76,382597330.0,2026-09-26,
NOVARTIND.NS,INE234A01025,39.51,24690797.0,2026-09-26,
RESPONIND.NS,INE688D01026,3.81,266608544.0,2026-09-26,
GMDCLTD.NS,INE131A01031,30.05,318000000.0,2026-09-26,
QPOWER.NS,INE0SII01026,17.15,77444100.0,2026-09-26,
AEQUS.NS,INE947N01017,-2.63,654854135.0,2026-09-26,
SHAKTIPUMP.NS,INE908D01010,17.14,123397965.0,2026-09-26,
HCC.NS,INE549A01026,0.67,2619468062.0,2026-09-26,
ZENTEC.NS,INE251B01027,20.02,89942636.0,2026-09-26,
SCI.NS,INE109A01011,34.74,465799010.0,2026-09-26,
VINCOFE.NS,INE498Q01014,5.54,145688409.0,2026-09-26,
SRF.NS,INE647A01010,72.93,296406025.0,2026-09-26,
CENTUM.NS,INE320B01020,63.87,14762016.0,2026-09-26,
CUB.NS,INE491A01021,14.14,990787237.0,2026-09-26,
ASTRAMICRO.NS,INE386C01029,19.79,94945008.0,2026-09-26,
FEDDERSHOL.NS,INE417D01020,4.1,201415970.0,2026-09-26,
HINDOILEXP.NS,INE345A01011,1.89,132243289.0,2026-09-26,
THANGAMAYL.NS,INE085J01014,125.8,31082021.0,2026-09-26,
KARURVYSYA.NS,INE036D01028,28.4,966667248.0,2026-09-26,
CLEANMAX.NS,INE647U01026,13.38,117271170.0,2026-09-26,
BALAMINES.NS,INE050E01027,63.06,32401000.0,2026-09-26,
KFINTECH.NS,INE138Y01010,19.73,172872079.0,2026-09-26,
BLACKBUCK.NS,INE0UIZ01018,9.22,182240745.0,2026-09-26,
GNA.NS,INE934S01014,30.82,42930800.0,2026-09-26,
ENTERO.NS,INE010601016,28.78,43523072.0,2026-09-26,
THERMAX.NS,INE152A01029,52.74,112648671.0,2026-09-26,
NEOGEN.NS,INE136S01016,13.03,30042427.0,2026-09-26,
NRBBEARING.NS,INE349A01021,15.24,96922600.0,2026-09-26,
GENESYS.NS,INE727B01026,5.04,66864603.0,2026-09-26,
AMBUJACEM.NS,INE079A01024,17.85,2484817186.0,2026-09-26,
MRF.NS,INE883A01011,5705.61,4241143.0,2026-09-26,
UNIMECH.NS,INE0U3I01011,14.15,50901997.0,2026-09-26,
IBULLSLTD.NS,INE126M01010,1.91,2241202216.0,2026-09-26,
TIMEX.NS,INE064A01026,8.42,100950000.0,2026-09-26,
NEPHROPLUS.NS,INE428V01029,8.5,100559014.0,2026-09-26,
TNPETRO.NS,INE148A01019,15.81,89971474.0,2026-09-26,
PARADEEP.NS,INE088F01024,10.32,1038520250.0,2026-09-26,
BAJAJHLDNG.NS,INE118A01012,795.34,111293510.0,2026-09-26,
BLEL.NS,INE1EEM01017,15.3,,2026-09-26,
ARCIL.NS,INE148G01016,10.82,,2026-09-26,
OLECTRA.NS,INE260D01016,21.61,82080737.0,2026-09-26,
MANORAMA.NS,INE00VM01036,42.89,63122390.0,2026-09-26,
DEEPAKNTR.NS,INE288B01029,57.45,136393041.0,2026-09-26,
JAYNECOIND.NS,INE854B01010,5.81,970998244.0,2026-09-26,
AWFIS.NS,INE108V01019,11.86,71563186.0,2026-09-26,
INDOCO.NS,INE873D01024,0.73,92173705.0,2026-09-26,
RKFORGE.NS,INE399G01023,5.85,185209483.0,2026-09-26,
TIINDIA.NS,INE974X01010,31.39,193572320.0,2026-09-26,
IPCALAB.NS,INE571A01038,51.63,253704218.0,2026-09-26,
ARTEMISMED.NS,INE025R01021,2.29,,2026-09-26,
PGEL.NS,INE457L01029,7.16,286496708.0,2026-09-26,
GREAVESCOT.NS,INE224A01026,4.25,232951434.0,2026-09-26,
JUBLFOOD.NS,INE797F01020,5.65,,2026-09-26,
SUNTV.NS,INE424H01027,40.61,394084620.0,2026-09-26,
STAR.NS,INE939A01011,66.59,92172714.0,2026-09-26,
AETHER.NS,INE0BWX01014,17.85,132727845.0,2026-09-26,
MARSONS.NS,INE415B01044,2.56,172100000.0,2026-09-26,
SBC.NS,INE04AK01028,0.68,476190000.0,2026-09-26,
BSOFT.NS,INE836A01035,20.42,279647056.0,2026-09-26,
BAJAJCON.NS,INE933K01021,16.83,130618321.0,2026-09-26,
TIMETECHNO.NS,INE508G01029,11.29,493635379.0,2026-09-26,
63MOONS.NS,INE111B01023,-14.15,46078537.0,2026-09-26,
OMNI.NS,INE0UH301010,8.38,123666020.0,2026-09-26,
SETL.NS,INE0M4D01010,4.27,199491662.0,2026-09-26,
RUBICON.NS,INE506V01022,17.43,165531908.0,2026-09-26,
LCCPROJECT.NS,INE1FPN01026,9.78,289671232.0,2026-09-26,
BBOX.NS,INE676A01027,13.04,177599205.0,2026-09-26,
AGIIL.NS,INE976R01033,8.31,124997388.0,2026-09-26,
TI.NS,INE133E01013,-2.33,247897900.0,2026-09-26,
GCSL.NS,INE199P01028,13.4,23485380.0,2026-09-26,
KEC.NS,INE389H01022,20.8,266200000.0,2026-09-26,
GUJENERGY.NS,INE844O01030,25.94,938230849.0,2026-09-26,
BRIGADE.NS,INE791I01019,19.79,326162379.0,2026-09-26,
SOLARA.NS,INE624Z01016,-0.59,48081817.0,2026-09-26,
TATACOMM.NS,INE151A01013,33.16,285085643.0,2026-09-26,
IREDA.NS,INE202E01016,7.03,2809231268.0,2026-09-26,
INDGN.NS,INE065X01017,16.62,240807964.0,2026-09-26,
E2E.NS,INE255Z01027,2.74,205457890.0,2026-09-26,
TATACAP.NS,INE976I01016,12.82,4216692745.0,2026-09-26,
TARIL.NS,INE763I01026,8.88,300165834.0,2026-09-26,
PETRONET.NS,INE347G01014,28.05,1500000088.0,2026-09-26,
CMPDI.NS,INE05HV01027,9.16,,2026-09-26,
JSFB.NS,INE953L01027,35.97,105822096.0,2026-09-26,
ECLERX.NS,INE738I01010,77.28,92025272.0,2026-09-26,
SHREECEM.NS,INE070A01015,452.65,36080748.0,2026-09-26,
NOCIL.NS,INE163A01018,3.96,167024930.0,2026-09-26,
NLCINDIA.NS,INE589A01014,23.76,1386636609.0,2026-09-26,
ASTEC.NS,INE563J01010,-29.34,22282238.0,2026-09-26,
IKS.NS,INE115Q01022,44.67,167757449.0,2026-09-26,
RENUKA.NS,INE087H01022,-3.66,2128489773.0,2026-09-26,
NPST.NS,INE0FFK01017,22.09,20863500.0,2026-09-26,
TEXRAIL.NS,INE621L01012,5.32,406864572.0,2026-09-26,
IEX.NS,INE022Q01020,5.7,889300290.0,2026-09-26,
ACE.NS,INE731H01025,36.68,119027888.0,2026-09-26,
EMCURE.NS,INE168P01015,53.45,189710647.0,2026-09-26,
GRWRHITECH.NS,INE291A01017,166.66,23232394.0,2026-09-26,
MPIMANIPAL.NS,INE241U01028,10.92,,2026-09-26,
GAJA.NS,INE18UN01038,5.65,,2026-09-26,
VEDPOWER.NS,INE694L01019,-5.62,3904155728.0,2026-09-26,
KROSS.NS,INE0O6601022,8.95,66009422.0,2026-09-26,
STYLEBAAZA.NS,INE01FR01028,6.28,76117353.0,2026-09-26,
ARVIND.NS,INE034A01011,15.81,262139640.0,2026-09-26,
JGCHEM.NS,INE0MB501011,19.16,39186063.0,2026-09-26,
TENNIND.NS,INE19RI01016,14.89,403604309.0,2026-09-26,
SBCL.NS,INE386D01027,18.36,57604200.0,2026-09-26,
DEEPINDS.NS,INE0FHS01024,32.26,64000000.0,2026-09-26,
RHIM.NS,INE743M01012,-16.89,206501426.0,2026-09-26,
RPOWER.NS,INE614G01033,-0.77,,2026-09-26,
MSUMI.NS,INE0FS801015,0.94,6631661898.0,2026-09-26,
SUDARSCHEM.NS,INE659A01023,9.14,79616857.0,2026-09-26,
NBCC.NS,INE095N01031,2.69,2700000000.0,2026-09-26,
MEDANTA.NS,INE474Q01031,20.64,268721832.0,2026-09-26,
AXISCADES.NS,INE555B01013,14.76,42533489.0,2026-09-26,
INDNIPPON.NS,INE092B01025,50.75,22621424.0,2026-09-26,
DCBBANK.NS,INE503A01015,24.43,322178962.0,2026-09-26,
JTLIND.NS,INE391J01032,3.1,393081630.0,2026-09-26,
ELLEN.NS,INE236E01022,8.59,140935600.0,2026-09-26,
ARE&M.NS,INE885A01032,50.37,183025364.0,2026-09-26,
APTUS.NS,INE852O01025,19.67,500830236.0,2026-09-26,
KRN.NS,INE0Q3J01015,15.48,65458486.0,2026-09-26,
KIMS.NS,INE967H01025,5.15,420006484.0,2026-09-26,
KERNEX.NS,INE202H01019,113.63,16803622.0,2026-09-26,
CENTENKA.NS,INE485A01015,67.37,21850589.0,2026-09-26,
IRB.NS,INE821I01022,0.78,12078000000.0,2026-09-26,
JAMNAAUTO.NS,INE039C01032,6.24,399985135.0,2026-09-26,
SJS.NS,INE284S01014,65.12,32249529.0,2026-09-26,
GICRE.NS,INE481Y01014,50.59,1754400000.0,2026-09-26,
NSLNISP.NS,INE0NNS01018,0.28,2930605850.0,2026-09-26,
HERITGFOOD.NS,INE978A01027,14.58,92796000.0,2026-09-26,
GPIL.NS,INE177H01039,12.57,650738965.0,2026-09-26,
SONATSOFTW.NS,INE269A01021,16.29,276794469.0,2026-09-26,
MANINFRA.NS,INE949H01023,5.35,397666505.0,2026-09-26,
HONASA.NS,INE0J5401028,7.63,326024216.0,2026-09-26,
PERNIASPOP.NS,INE0I1B01016,-35.64,,2026-09-26,
TCC.NS,INE887D01024,,,2026-09-26,
NH.NS,INE410P01011,40.39,203099835.0,2026-09-26,
HGINFRA.NS,INE926X01010,28.64,65171111.0,2026-09-26,
NATCOPHARM.NS,INE987B01026,63.87,179109870.0,2026-09-26,
CONFIPET.NS,INE552D01024,4.05,332241043.0,2026-09-26,
SPLPETRO.NS,INE663A01033,25.78,188041342.0,2026-09-26,
FIVESTAR.NS,INE128S01021,37.42,295195658.0,2026-09-26,
DALBHARAT.NS,INE00R701025,49.82,187565953.0,2026-09-26,
DEEPAKFERT.NS,INE501A01019,78.01,126237825.0,2026-09-26,
AWL.NS,INE699H01024,8.92,1291817635.0,2026-09-26,
DIFFNKG.NS,INE184O01015,14.72,37126259.0,2026-09-26,
VARROC.NS,INE665L01035,12.94,152786400.0,2026-09-26,
AIIL.NS,INE206F01022,19.14,849225500.0,2026-09-26,
LUMAXTECH.NS,INE872H01027,47.63,68157705.0,2026-09-26,
DIACABS.NS,INE989C01038,3.79,598071060.0,2026-09-26,
PACEDIGITK.NS,INE0S3G01027,14.11,215851327.0,2026-09-26,
DELTACORP.NS,INE124G01033,-5.84,267771097.0,2026-09-26,
HDBFS.NS,INE756I01012,33.45,828454614.0,2026-09-26,
LOTUSDEV.NS,INE0V9Q01010,5.04,488723710.0,2026-09-26,
RBZJEWEL.NS,INE0PEQ01016,14.2,40000000.0,2026-09-26,
SKFINDUS.NS,INE2J8701016,42.13,49437963.0,2026-09-26,
ICIL.NS,INE483B01026,7.62,198054340.0,2026-09-26,
EIEL.NS,INE0LLY01014,10.28,175530000.0,2026-09-26,
MOSCHIP.NS,INE935B01025,1.3,194985955.0,2026-09-26,
SENORES.NS,INE0RB801010,28.32,46053588.0,2026-09-26,
GOODLUCK.NS,INE127I01024,20.34,99715527.0,2026-09-26,
ZYDUSWELL.NS,INE768C01028,5.93,318160720.0,2026-09-26,
HUDCO.NS,INE031A01017,20.81,2001900000.0,2026-09-26,
GRAVITA.NS,INE024L01027,53.83,72832753.0,2026-09-26,
SUPRIYA.NS,INE07RO01027,24.63,80482800.0,2026-09-26,
RADHIKAJWE.NS,INE583V01021,6.74,118000000.0,2026-09-26,
IGARASHI.NS,INE188B01013,5.2,31475048.0,2026-09-26,
SUDEEPPHRM.NS,INE0QPI01025,16.19,112948625.0,2026-09-26,
MAHSEAMLES.NS,INE271B01025,55.03,133999252.0,2026-09-26,
KSHINTL.NS,INE987S01020,19.16,67755700.0,2026-09-26,
NELCO.NS,INE045B01015,1.66,22818400.0,2026-09-26,
ROLEXRINGS.NS,INE645S01024,5.51,262333120.0,2026-09-26,
EXICOM.NS,INE777F01014,-18.47,139079771.0,2026-09-26,
JMFINANCIL.NS,INE780C01023,10.87,957004936.0,2026-09-26,
BBTC.NS,INE050A01025,184.85,69771900.0,2026-09-26,
SARDAEN.NS,INE385C01021,32.05,352381270.0,2026-09-26,
CEMPRO.NS,INE686A01026,34.95,171787584.0,2026-09-26,
HOMEFIRST.NS,INE481N01025,55.26,104563142.0,2026-09-26,
NSDL.BO,INE301O01023,19.38,200000000.0,2026-09-26,
SHRIPISTON.NS,INE526E01018,127.69,46386272.0,2026-09-26,
PGIL.NS,INE940H01022,33.63,92381084.0,2026-09-26,
CLEAN.NS,INE227W01023,21.88,106284121.0,2026-09-26,
RBA.NS,INE07T201019,-2.92,712078330.0,2026-09-26,
SUNDRMFAST.NS,INE387A01021,29.12,210128370.0,2026-09-26,
CSBBANK.NS,INE679A01013,38.31,169477587.0,2026-09-26,
IRCTC.NS,INE335Y01020,17.43,800000000.0,2026-09-26,
CHEMPLASTS.NS,INE488A01050,-24.78,158109574.0,2026-09-26,
RELIGARE.NS,INE621H01010,1.5,344733742.0,2026-09-26,
ALEMBICLTD.NS,INE426A01027,12.49,256781828.0,2026-09-26,
INDSWFTLAB.NS,INE915B01019,6.71,86961558.0,2026-09-26,
GODFRYPHLP.NS,INE260B01028,87.68,155981760.0,2026-09-26,
ALOKINDS.NS,INE270A01029,-1.43,4965240401.0,2026-09-26,
GUJTHEM.NS,INE942C01045,4.47,130151705.0,2026-09-26,
SUBEXLTD.NS,INE754A01055,0.54,554855308.0,2026-09-26,
PNGJL.NS,INE953R01016,32.88,135708333.0,2026-09-26,
AVANTEL.NS,INE005B01027,0.42,265775866.0,2026-09-26,
PNCINFRA.NS,INE195J01029,28.55,256539165.0,2026-09-26,
LCL.NS,INE0QJW01029,23.01,105650000.0,2026-09-26,
NCC.NS,INE868B01028,11.14,627846588.0,2026-09-26,
JINDRILL.NS,INE742C01031,66.15,28981104.0,2026-09-26,
ASMTEC.BO,INE867C01010,58.95,14588598.0,2026-09-26,
CHOICEIN.NS,INE102B01014,10.66,222776500.0,2026-09-26,
LEMONTREE.NS,INE970X01018,2.97,791847623.0,2026-09-26,
ALIVUS.NS,INE03Q201024,49.05,122771448.0,2026-09-26,
KMEW.NS,INE0CJD01029,49.85,25364317.0,2026-09-26,
RATEGAIN.NS,INE0CLI01024,20.45,118425559.0,2026-09-26,
EIDPARRY.NS,INE126A01031,26.08,177955692.0,2026-09-26,
WESTLIFE.NS,INE274F01020,2.02,155215762.0,2026-09-26,
ARIS.NS,INE0H9P01028,8.35,81793846.0,2026-09-26,
TCI.NS,INE688A01022,59.3,76831142.0,2026-09-26,
PRIVISCL.NS,INE959A01019,86.75,39062706.0,2026-09-26,
SCHNEIDER.NS,INE839M01018,7.71,239104035.0,2026-09-26,
CMSINFO.NS,INE925R01014,17.77,160063415.0,2026-09-26,
CREDITACC.NS,INE741K01010,75.33,160259533.0,2026-09-26,
AARTIIND.NS,INE769A01020,14.63,362741364.0,2026-09-26,
APOLLOTYRE.NS,INE438A01022,26.97,632581334.0,2026-09-26,
RAMBHAJO.NS,INE1SJO01012,7.5,,2026-09-26,
RML.NS,INE050H01012,42.84,27637137.0,2026-09-26,
KPRMILL.NS,INE930H01031,26.66,341814000.0,2026-09-26,
BECTORFOOD.NS,INE495P01020,4.85,306702212.0,2026-09-26,
SAMHI.NS,INE08U801020,25.85,222359672.0,2026-09-26,
STLNETWORK.NS,INE1VXE01018,-2.02,488271779.0,2026-09-26,
SYNCOMF.NS,INE312C01025,0.9,940000000.0,2026-09-26,
J&KBANK.NS,INE168A01041,20.91,1101182463.0,2026-09-26,
IGL.NS,INE203G01027,9.13,1400001600.0,2026-09-26,
LTTS.NS,INE010V01017,120.55,106086268.0,2026-09-26,
ELGIEQUIP.NS,INE285A01027,14.17,315241478.0,2026-09-26,
FOSECOIND.NS,INE519A01011,129.13,7537259.0,2026-09-26,
CESC.NS,INE486A01021,11.73,1325570430.0,2026-09-26,
TBOTEK.NS,INE673O01025,24.72,106783982.0,2026-09-26,
IONEXCHANG.NS,INE570A01022,8.28,,2026-09-26,
AKUMS.NS,INE09XN01023,19.01,153102058.0,2026-09-26,
JUBLPHARMA.NS,INE700A01033,22.19,158387168.0,2026-09-26,
ITCHOTELS.NS,INE379A01028,4.14,2083064424.0,2026-09-26,
ANDHRAPAP.NS,INE435A01051,1.39,198850195.0,2026-09-26,
RAYMONDLSL.NS,INE02ID01020,7.15,60905789.0,2026-09-26,
ATALREAL.NS,INE0ALR01029,1.01,123896250.0,2026-09-26,
AJANTPHARM.NS,INE031B01049,90.82,124959024.0,2026-09-26,
DECNGOLD.NS,INE945F01025,-2.0,200970715.0,2026-09-26,
REDTAPE.NS,INE0LXT01019,4.45,552807600.0,2026-09-26,
RPTECH.NS,INE0J1F01024,47.15,66405746.0,2026-09-26,
POLYMED.NS,INE205C01021,31.04,101361465.0,2026-09-26,
INDIAGLYCO.NS,INE560A01023,36.75,67026765.0,2026-09-26,
PRASOLCHEM.NS,INE455U01024,14.08,59183431.0,2026-09-26,
VINDHYATEL.NS,INE707A01012,197.46,11850863.0,2026-09-26,
VIKRAMSOLR.NS,INE078V01014,10.45,362354381.0,2026-09-26,
GPPL.NS,INE517F01014,11.55,483439910.0,2026-09-26,
JKPAPER.NS,INE789E01012,17.48,181318771.0,2026-09-26,
INDORAMA.NS,INE156A01020,6.17,261113151.0,2026-09-26,
CRISIL.NS,INE007A01025,121.14,73130017.0,2026-09-26,
AIAENG.NS,INE212H01026,135.61,,2026-09-26,
AYE.NS,INE501X01029,9.72,244563725.0,2026-09-26,
NTPCGREEN.NS,INE0ONG01011,0.72,8426329669.0,2026-09-26,
ASIANENE.NS,INE276G01015,12.58,48591378.0,2026-09-26,
TRITURBINE.NS,INE152M01016,10.59,317900459.0,2026-09-26,
ARVSMART.NS,INE034S01021,40.28,45866979.0,2026-09-26,
SUNDARMFIN.NS,INE660A01013,197.9,110217571.0,2026-09-26,
PTC.NS,INE877F01012,17.18,296008321.0,2026-09-26,
DYNAMATECH.NS,INE221B01012,62.76,6791443.0,2026-09-26,
PURVA.NS,INE323I01011,6.76,237149686.0,2026-09-26,
UTKARSHBNK.NS,INE735W01017,-6.39,1779523684.0,2026-09-26,
CHOLAHLDNG.NS,INE149A01033,142.16,187777462.0,2026-09-26,
JAYKAY.NS,INE903A01025,14.41,150858708.0,2026-09-26,
CCAVENUE.NS,INE483S01020,0.96,3472828470.0,2026-09-26,
VOLTAMP.NS,INE540H01012,313.77,10117120.0,2026-09-26,
CONCORDBIO.NS,INE338H01029,27.51,104616204.0,2026-09-26,
KAJARIACER.NS,INE217B01036,34.23,157143050.0,2026-09-26,
SMCGLOBAL.NS,INE103C01036,4.87,209400000.0,2026-09-26,
MSTCLTD.NS,INE255X01014,33.26,70400000.0,2026-09-26,
BLUEJET.NS,INE0KBH01020,13.52,173465425.0,2026-09-26,
SYNGENE.NS,INE398R01022,5.49,402503158.0,2026-09-26,
ENDURANCE.NS,INE913H01037,69.06,140662848.0,2026-09-26,
HORIZONIND.NS,INE685T01010,-0.45,2882902834.0,2026-09-26,
BAJAJHFL.NS,INE377Y01014,3.23,8328662006.0,2026-09-26,
PRICOLLTD.NS,INE726V01018,21.95,,2026-09-26,
AVANTIFEED.NS,INE871C01038,38.86,136245630.0,2026-09-26,
SAKAR.NS,INE732S01012,13.74,21949910.0,2026-09-26,
VIJAYA.NS,INE043W01024,18.16,102997715.0,2026-09-26,
GOCLCORP.NS,INE077F01035,54.43,49572490.0,2026-09-26,
IXIGO.NS,INE0HV901016,1.91,441044262.0,2026-09-26,
KABRAEXTRU.NS,INE900B01029,0.17,34972836.0,2026-09-26,
EMSLIMITED.NS,INE0OV601013,12.28,55530807.0,2026-09-26,
FRACTAL.NS,INE212S01015,19.13,171965112.0,2026-09-26,
BORORENEW.NS,INE666D01022,28.22,147183709.0,2026-09-26,
COROMANDEL.NS,INE169A01031,62.06,294541099.0,2026-09-26,
DEVYANI.NS,INE872J01023,-0.22,1232939791.0,2026-09-26,
SENCO.NS,INE602W01027,34.86,163900959.0,2026-09-26,
INTELLECT.NS,INE306R01017,24.88,139520898.0,2026-09-26,
ABFRL.NS,INE647O01011,-6.41,1216777241.0,2026-09-26,
VSSL.NS,INE050M01012,14.94,96685678.0,2026-09-26,
AMAGI.NS,INE121R01077,4.72,216338944.0,2026-09-26,
ZFCVINDIA.NS,INE342J01019,898.83,113805504.0,2026-09-26,
KNRCON.NS,INE634I01029,14.02,281234600.0,2026-09-26,
VENKEYS.NS,INE398A01010,123.13,14087336.0,2026-09-26,
JKCEMENT.NS,INE823G01014,122.5,77268251.0,2026-09-26,
JSLL.NS,INE0J5801029,18.96,124300730.0,2026-09-26,
BIKAJI.NS,INE00E101023,10.33,250736400.0,2026-09-26,
RPEL.NS,INE912T01018,13.6,45921950.0,2026-09-26,
PRABHA.NS,INE0I0M01023,0.09,146419434.0,2026-09-26,
INOXGREEN.NS,INE510W01014,3.15,401492045.0,2026-09-26,
TURTLEMINT.NS,INE0OC301013,-5.96,,2026-09-26,
IPL.NS,INE0D6701023,9.35,115163508.0,2026-09-26,
SPARC.NS,INE232I01014,48.81,324521588.0,2026-09-26,
ABSLAMC.NS,INE404A01024,34.8,289375135.0,2026-09-26,
CENTRALBK.NS,INE483A01010,4.97,9051401274.0,2026-09-26,
QUESS.NS,INE615P01015,16.87,149385918.0,2026-09-26,
LXCHEM.NS,INE576O01020,4.54,277914693.0,2026-09-26,
CHAMBLFERT.NS,INE085A01013,48.15,400652297.0,2026-09-26,
CAPILLARY.NS,INE0ILV01024,5.28,79471983.0,2026-09-26,
PFIZER.NS,INE182A01018,160.83,45747732.0,2026-09-26,
BLISSGVS.NS,INE416D01022,12.61,106330472.0,2026-09-26,
CANFINHOME.NS,INE477A01020,84.82,133154591.0,2026-09-26,
MANYAVAR.NS,INE825V01034,15.87,242977245.0,2026-09-26,
CORDELIA.NS,INE0LZF01039,-0.94,723945430.0,2026-09-26,
UNIVCABLES.NS,INE279A01012,57.52,34695381.0,2026-09-26,
KPIL.NS,INE220B01022,66.5,170772546.0,2026-09-26,
SUVEN.NS,INE495B01038,-14.61,282562686.0,2026-09-26,
PITTIENG.NS,INE450D01021,33.61,36913588.0,2026-09-26,
GSPCROP.NS,INE713R01022,21.67,46518750.0,2026-09-26,
MAPMYINDIA.NS,INE0BV301023,25.13,54761056.0,2026-09-26,
LTFOODS.NS,INE818H01020,18.46,347252944.0,2026-09-26,
WSTCSTPAPR.NS,INE976A01021,34.77,66048908.0,2026-09-26,
ESCORTS.NS,INE042A01014,125.65,110027390.0,2026-09-26,
DBL.NS,INE917M01012,76.88,162444833.0,2026-09-26,
ABBOTINDIA.NS,INE358A01014,760.13,21249302.0,2026-09-26,
SGMART.NS,INE385F01024,9.87,126074400.0,2026-09-26,
RACLGEAR.NS,INE704B01017,42.5,11788080.0,2026-09-26,
RISHABH.NS,INE0N2P01017,20.86,38696972.0,2026-09-26,
GLAXO.NS,INE159A01016,63.07,169406034.0,2026-09-26,
ATLANTAELE.NS,INE0Z4F01028,29.27,76896625.0,2026-09-26,
BLS.NS,INE153T01027,17.09,411522253.0,2026-09-26,
ACI.NS,INE128X01021,8.16,123458394.0,2026-09-26,
GANDHAR.NS,INE717W01049,30.8,97879530.0,2026-09-26,
ARDEE.NS,INE0XNF01022,2.69,315200950.0,2026-09-26,
SIGMAADV.NS,INE933B01012,9.5,176239705.0,2026-09-26,
LLOYDSENT.NS,INE080I01025,0.56,1494202102.0,2026-09-26,
SWSOLAR.NS,INE00M201021,-12.06,233541391.0,2026-09-26,
BEPL.NS,INE922A01025,8.04,248858460.0,2026-09-26,
RGL.NS,INE722H01024,10.18,107407721.0,2026-09-26,
GARUDA.NS,INE0JVO01026,14.63,93041742.0,2026-09-26,
WINDLAS.NS,INE0H5O01029,31.09,20636229.0,2026-09-26,
COMSYN.NS,INE073V01015,7.07,40339200.0,2026-09-26,
ABREL.NS,INE055A01016,-31.76,110577844.0,2026-09-26,
SCHAEFFLER.NS,INE513A01022,80.15,156303670.0,2026-09-26,
CEIGALL.NS,INE0AG901020,18.63,174204861.0,2026-09-26,
UFLEX.NS,INE516A01017,94.52,72211486.0,2026-09-26,
IKIO.NS,INE0LOJ01019,5.96,77280701.0,2026-09-26,
IDEAFORGE.NS,INE349Y01013,0.88,49717332.0,2026-09-26,
SIGACHI.NS,INE0D0K01022,0.67,382117010.0,2026-09-26,
SFL.NS,INE916U01025,19.61,109203314.0,2026-09-26,
EMBDL.NS,INE069I01010,-6.83,,2026-09-26,
XPROINDIA.NS,INE445C01015,14.13,23470391.0,2026-09-26,
TRIVENI.NS,INE256C01024,12.65,220363016.0,2026-09-26,
TANLA.NS,INE483C01032,40.17,132050724.0,2026-09-26,
SIGNATURE.NS,INE903U01023,74.23,140686026.0,2026-09-26,
LASERPOWER.NS,INE17IR01028,10.81,140368342.0,2026-09-26,
JNPR.NS,INE05C901015,0.93,568998442.0,2026-09-26,
KRBL.NS,INE001B01026,33.13,228889892.0,2026-09-26,
POCL.NS,INE063E01061,18.07,76278198.0,2026-09-26,
ONEPOINT.NS,INE840Y01029,1.71,262936776.0,2026-09-26,
GMRP&UI.NS,INE0CU601026,7.8,781017529.0,2026-09-26,
AGARWALEYE.NS,INE943P01029,4.65,317026183.0,2026-09-26,
JYOTHYLAB.NS,INE668F01031,7.74,367214511.0,2026-09-26,
ASKAUTOLTD.NS,INE491J01022,16.06,197142600.0,2026-09-26,
DCI.NS,INE0A1101019,13.53,16400000.0,2026-09-26,
RAMRAT.NS,INE207E01023,13.57,93349072.0,2026-09-26,
V2RETAIL.NS,INE945H01021,5.02,364637550.0,2026-09-26,
CEATLTD.NS,INE482A01020,146.16,40450092.0,2026-09-26,
INDIAMART.NS,INE933S01016,81.78,601426988.0,2026-09-26,
JUBLINGREA.NS,INE0BY001018,19.42,157716549.0,2026-09-26,
AGI.NS,INE415A01038,55.99,64697381.0,2026-09-26,
HLEGLAS.NS,INE461D01028,5.25,69454739.0,2026-09-26,
SYMPHONY.NS,INE225D01027,-20.84,68671400.0,2026-09-26,
VIMTALABS.NS,INE579C01029,17.86,44699859.0,2026-09-26,
SHANTIGEAR.NS,INE631A01022,8.33,76715853.0,2026-09-26,
BIRLACABLE.NS,INE800A01015,15.4,30000000.0,2026-09-26,
SAREGAMA.NS,INE979A01025,11.53,191959490.0,2026-09-26,
IIFLCAPS.NS,INE489L01022,17.3,315352013.0,2026-09-26,
KUSUMGAR.NS,INE0ISX01025,12.91,,2026-09-26,
JUSTDIAL.NS,INE599M01018,59.22,85049032.0,2026-09-26,
ZAGGLE.NS,INE07K301024,9.62,134458445.0,2026-09-26,
THELEELA.NS,INE0AQ201015,13.54,333957878.0,2026-09-26,
UBL.NS,INE686F01025,15.02,264405149.0,2026-09-26,
DEEDEV.NS,INE841L01016,11.59,75239438.0,2026-09-26,
GOKEX.NS,INE887G01027,13.31,73277628.0,2026-09-26,
KENNAMET.NS,INE717A01029,89.19,21978240.0,2026-09-26,
IRCON.NS,INE962Y01021,6.57,940515740.0,2026-09-26,
RHETAN.NS,INE0KKN01029,0.16,796875000.0,2026-09-26,
RAMCOCEM.NS,INE331A01037,27.24,236292380.0,2026-09-26,
HAPPYFORGE.NS,INE330T01021,34.67,94401146.0,2026-09-26,
IGIL.NS,INE0Q9301021,11.83,432159696.0,2026-09-26,
CANHLIFE.NS,INE01TY01017,1.39,947484925.0,2026-09-26,
HTEL.NS,INE0LEG01024,2.43,,2026-09-26,
MAITHANALL.NS,INE683C01011,99.81,29111550.0,2026-09-26,
ELECTCAST.NS,INE086A01029,1.95,618184591.0,2026-09-26,
KLBRENG-B.NS,INE338F01015,16.96,,2026-09-26,
SAPPHIRE.NS,INE806T01020,-0.49,321382905.0,2026-09-26,
RTNPOWER.NS,INE399K01017,0.21,5370105860.0,2026-09-26,
WEWORK.NS,INE085001019,6.07,138870213.0,2026-09-26,
KPL.NS,INE552U01010,78.22,,2026-09-26,
BFUTILITIE.NS,INE243D01012,42.01,37667628.0,2026-09-26,
MOIL.NS,INE490G01020,14.92,203485211.0,2026-09-26,
EXCELSOFT.NS,INE606N01019,4.06,115084164.0,2026-09-26,
JSWCEMENT.NS,INE718I01012,5.52,1350345020.0,2026-09-26,
ASHAPURMIN.NS,INE348A01023,42.6,95526098.0,2026-09-26,
ATUL.NS,INE100A01010,270.14,29441755.0,2026-09-26,
MVGJL.NS,INE0KNT01012,24.95,48847441.0,2026-09-26,
AWHCL.NS,INE01BK01022,20.58,28371681.0,2026-09-26,
REFEX.NS,INE056I01025,21.09,137228548.0,2026-09-26,
ASIANTILES.NS,INE022I01019,0.58,296475285.0,2026-09-26,
VGUARD.NS,INE951I01027,8.28,436891055.0,2026-09-26,
DIVGIITTS.NS,INE753U01022,20.67,30582927.0,2026-09-26,
KSL.NS,INE907A01026,60.58,43759380.0,2026-09-26,
BERGEPAINT.NS,INE463A01038,10.45,1166002812.0,2026-09-26,
APLLTD.NS,INE901L01018,35.3,196563124.0,2026-09-26,
CMLL.NS,INE11XY01018,24.14,65375785.0,2026-09-26,
JBMA.NS,INE927D01051,9.44,236494264.0,2026-09-26,
HEXT.NS,INE093A01041,21.77,609791999.0,2026-09-26,
AEROPLANE.NS,INE05TO01019,5.87,103551556.0,2026-09-26,
UNIPARTS.NS,INE244O01017,39.9,45123226.0,2026-09-26,
GSFC.NS,INE026A01025,17.37,398477530.0,2026-09-26,
MGL.NS,INE002S01010,72.42,98777778.0,2026-09-26,
FRONTSP.NS,INE572D01014,49.54,11815533.0,2026-09-26,
TALBROAUTO.NS,INE187D01029,18.11,61728150.0,2026-09-26,
ZOTA.NS,INE358U01012,-30.07,34632587.0,2026-09-26,
ALLCARGO.NS,INE418H01029,0.2,1497778469.0,2026-09-26,
CCL.NS,INE421D01022,32.44,133344224.0,2026-09-26,
SBFC.NS,INE423Y01016,4.36,1108313067.0,2026-09-26,
CORDSCABLE.NS,INE792I01017,19.0,12927780.0,2026-09-26,
SHOPERSTOP.NS,INE498B01024,-3.35,110205662.0,2026-09-26,
RATNAMANI.NS,INE703B01027,61.68,70092000.0,2026-09-26,
RAINBOW.NS,INE961O01016,28.17,101450140.0,2026-09-26,
GODIGIT.NS,INE03JT01014,5.33,924499031.0,2026-09-26,
TIPSMUSIC.NS,INE716B01029,16.79,127321758.0,2026-09-26,
TMB.NS,INE668A01016,91.19,158351454.0,2026-09-26,
JWL.NS,INE209L01016,3.88,427370389.0,2026-09-26,
SHUKRAPHAR.NS,INE551C01044,0.78,440787440.0,2026-09-26,
VIKRAN.NS,INE01R501028,3.89,257911026.0,2026-09-26,
CHALET.NS,INE427F01016,24.07,,2026-09-26,
AADHARHFC.NS,INE883F01010,25.78,438393157.0,2026-09-26,
AMIC.BO,INE0P9J01013,26.23,12997935.0,2026-09-26,
TTML.NS,INE517B01013,0.19,1954927727.0,2026-09-26,
JISLJALEQS.NS,INE175A01038,-0.74,714215947.0,2026-09-26,
IZMO.NS,INE848A01014,35.98,14980321.0,2026-09-26,
ICRA.NS,INE725G01011,202.7,9625105.0,2026-09-26,
EKC.NS,INE184H01027,11.17,112207682.0,2026-09-26,
YATRA.NS,INE0JR601024,1.98,156916193.0,2026-09-26,
PARKHOSPS.NS,INE119201023,6.56,431930864.0,2026-09-26,
PREMEXPLN.NS,INE863B01029,6.26,53761195.0,2026-09-26,
AAVAS.NS,INE216P01012,86.2,79294327.0,2026-09-26,
EPACKPEB.NS,INE0MLS01022,9.42,100631006.0,2026-09-26,
LATENTVIEW.NS,INE0I7C01011,9.43,207083230.0,2026-09-26,
JKTYRE.NS,INE573A01042,23.03,288289511.0,2026-09-26,
KIRLOSIND.NS,INE250A01039,144.62,165151254.0,2026-09-26,
ACC.NS,INE012A01025,101.38,187787263.0,2026-09-26,
FACT.NS,INE188A01015,-1.63,647071974.0,2026-09-26,
HATSUN.NS,INE473B01035,15.96,222748268.0,2026-09-26,
WEBELSOLAR.NS,INE855C01023,7.18,434163470.0,2026-09-26,
MBAPL.NS,INE900L01028,3.54,438134700.0,2026-09-26,
DWARKESH.NS,INE366A01041,0.78,185301470.0,2026-09-26,
AEROENTER.NS,INE065D01027,13.31,113164200.0,2026-09-26,
TECHNOE.NS,INE285K01026,37.03,116299574.0,2026-09-26,
GODAVARIB.NS,INE497S01012,0.05,51175977.0,2026-09-26,
VADILALIND.NS,INE694D01016,304.92,7187830.0,2026-09-26,
OSWALPUMPS.NS,INE0BYP01024,30.27,114004897.0,2026-09-26,
RCF.NS,INE027A01015,8.0,551688100.0,2026-09-26,
YASHO.NS,INE616Z01012,47.85,12057095.0,2026-09-26,
GILLETTE.NS,INE322A01010,205.09,32585217.0,2026-09-26,
SIS.NS,INE285J01028,10.38,139440713.0,2026-09-26,
INGERRAND.NS,INE177A01018,84.67,31568000.0,2026-09-26,
GOLDIAM.NS,INE025B01025,13.88,150557125.0,2026-09-26,
PRAJIND.NS,INE074A01025,1.64,183813088.0,2026-09-26,
PGHH.NS,INE179A01014,243.5,32460736.0,2026-09-26,
SJVN.NS,INE002L01015,1.76,3929795175.0,2026-09-26,
METROPOLIS.NS,INE112L01020,9.73,207453880.0,2026-09-26,
PVP.NS,INE362A01016,0.19,260403681.0,2026-09-26,
ORIENTTECH.NS,INE0PPK01015,-0.07,45805916.0,2026-09-26,
INNOVACAP.NS,INE0DUT01020,26.9,57224929.0,2026-09-26,
THYROCARE.NS,INE594H01019,11.02,159161691.0,2026-09-26,
KMCSHIL.NS,INE879K01018,3.44,163085000.0,2026-09-26,
NAVA.NS,INE725A01030,26.75,283312597.0,2026-09-26,
MILLWORKS.BO,INE1SRC01010,21.03,17614755.0,2026-09-26,
ASAHIINDIA.NS,INE439A01020,17.38,254927192.0,2026-09-26,
KDDL.NS,INE291D01011,79.05,12299280.0,2026-09-26,
KSB.NS,INE999A01023,14.09,174039220.0,2026-09-26,
WAKEFIT.NS,INE0E7301029,5.82,331645219.0,2026-09-26,
ONIXSOLAR.NS,INE173M01012,16.18,36867926.0,2026-09-26,
STYLAMIND.NS,INE239C01020,100.07,16948060.0,2026-09-26,
MAXESTATES.NS,INE03EI01018,0.71,163579866.0,2026-09-26,
TARSONS.NS,INE144Z01023,2.1,53206281.0,2026-09-26,
3MINDIA.NS,INE470A01017,512.3,11265070.0,2026-09-26,
PARACABLES.NS,INE074B01023,1.99,327239473.0,2026-09-26,
LINDEINDIA.NS,INE473A01011,63.88,85284223.0,2026-09-26,
DHAMPURSUG.NS,INE041A01016,10.9,64306509.0,2026-09-26,
SUNFLAG.NS,INE947A01014,11.42,180219448.0,2026-09-26,
NUVOCO.NS,INE118D01016,10.8,357156153.0,2026-09-26,
WENDT.NS,INE274C01019,84.73,2000000.0,2026-09-26,
STEELXIND.NS,INE503B01021,0.25,1275518412.0,2026-09-26,
JAGSNPHARM.NS,INE048B01035,6.71,65957420.0,2026-09-26,
WALCHANNAG.NS,INE711A01022,-0.46,67904532.0,2026-09-26,
BHARATCOAL.NS,INE05XR01022,-0.25,,2026-09-26,
NETWORK18.NS,INE870H01013,-0.23,1542000018.0,2026-09-26,
SEAMECLTD.NS,INE497B01018,101.02,25425000.0,2026-09-26,
AVL.NS,INE679V01027,10.78,129138050.0,2026-09-26,
RAILTEL.NS,INE0DD101019,10.77,320938407.0,2026-09-26,
DBREALTY.NS,INE879I01012,0.22,542406761.0,2026-09-26,
RALLIS.NS,INE613A01020,11.0,194468890.0,2026-09-26,
FEDFINA.NS,INE007N01010,10.15,375141782.0,2026-09-26,
GKSL.NS,INE0V0W01025,2.01,78842866.0,2026-09-26,
MACPOWER.NS,INE155Z01011,38.98,10004160.0,2026-09-26,
AFCOM.BO,INE0OXY01013,54.22,28713616.0,2026-09-26,
PRIORITY.NS,INE15EH01014,9.9,18000000.0,2026-09-26,
WEL.NS,INE02WG01024,0.9,134008000.0,2026-09-26,
FIEMIND.NS,INE737H01014,99.85,26319660.0,2026-09-26,
DALMIASUG.NS,INE495A01022,25.12,80939303.0,2026-09-26,
MINDACORP.NS,INE842C01021,20.98,235360911.0,2026-09-26,
AURIONPRO.NS,INE132H01018,37.3,53799664.0,2026-09-26,
CSM.NS,INE0ZK601013,2.73,51603472.0,2026-09-26,
SUMICHEM.NS,INE258G01013,11.61,499145736.0,2026-09-26,
INDOTHAI.NS,INE337M01021,5.42,128618190.0,2026-09-26,
TIMKEN.NS,INE325A01013,56.55,75218734.0,2026-09-26,
VMARCIND.NS,INE0GXK01018,,146524176.0,2026-09-26,
KRSNAA.NS,INE08LI01020,29.66,32438672.0,2026-09-26,
ORCHPHARMA.NS,INE191A01027,3.19,50719105.0,2026-09-26,
GAEL.NS,INE036B01030,9.06,458670660.0,2026-09-26,
STOVEKRAFT.NS,INE00IN01015,14.66,33107321.0,2026-09-26,
INFOBEAN.NS,INE344S01016,8.76,,2026-09-26,
GODREJIND.NS,INE233A01035,34.93,336851055.0,2026-09-26,
HONAUT.NS,INE671A01010,623.12,8841523.0,2026-09-26,
BHARTIHEXA.NS,INE343G01021,36.45,500000000.0,2026-09-26,
CORONA.NS,INE02ZQ01018,32.61,,2026-09-26,
KESAR.BO,INE0L1C01019,15.34,32534218.0,2026-09-26,
IMFA.NS,INE919H01018,97.24,53954106.0,2026-09-26,
DATAMATICS.NS,INE365B01017,36.58,59106389.0,2026-09-26,
LORDSMARK.BO,INE567L01025,2.26,426622217.0,2026-09-26,
GVPIL.NS,INE878A01011,50.92,67227471.0,2026-09-26,
CMRGREEN.NS,INE00WV01027,9.74,,2026-09-26,
ARFIN.NS,INE784R01023,1.1,168722482.0,2026-09-26,
SANGHVIMOV.NS,INE989A01032,23.03,86576000.0,2026-09-26,
MODISONLTD.NS,INE737D01021,31.31,32450000.0,2026-09-26,
ALKYLAMINE.NS,INE150B01039,43.98,51148224.0,2026-09-26,
SDBL.NS,INE480C01038,-1.45,207901312.0,2026-09-26,
APOLLOPIPE.NS,INE126J01016,-3.32,43919356.0,2026-09-26,
EQUITASBNK.NS,INE063P01018,4.46,1144126917.0,2026-09-26,
BLSE.NS,INE0NLT01010,6.39,90654077.0,2026-09-26,
TEMBO.NS,INE869Y01028,5.54,193551980.0,2026-09-26,
POWERMECH.NS,INE211R01019,123.74,31616292.0,2026-09-26,
UTLSOLAR.NS,INE12UR01024,9.58,306901762.0,2026-09-26,
VISHNU.NS,INE270I01022,22.26,67315284.0,2026-09-26,
PANAMAPET.NS,INE305C01029,79.15,60493598.0,2026-09-26,
TIIL.NS,INE545H01011,149.79,22672798.0,2026-09-26,
ROUTE.NS,INE450U01017,39.45,63003082.0,2026-09-26,
KRISHANA.NS,INE506W01020,5.94,309138000.0,2026-09-26,
ANONDITA.NS,INE0VTV01012,,,2026-09-26,
KNACK.NS,INE17QZ01016,7.57,122365164.0,2026-09-26,
PRUDENT.NS,INE00F201020,59.17,41406680.0,2026-09-26,
BUILDPRO.NS,INE24OJ01011,54.11,24249326.0,2026-09-26,
POKARNA.NS,INE637C01025,30.62,31004000.0,2026-09-26,
AVADHSUGAR.NS,INE349W01017,32.98,20018420.0,2026-09-26,
UTIAMC.NS,INE094J01016,35.8,128540222.0,2026-09-26,
RICOAUTO.NS,INE209B01025,2.25,135285000.0,2026-09-26,
ETHOSLTD.NS,INE04TZ01018,39.06,26757693.0,2026-09-26,
VIPIND.NS,INE054A01027,-26.63,142055391.0,2026-09-26,
UGARSUGAR.NS,INE071E01023,2.56,112500000.0,2026-09-26,
GRAUWEIL.NS,INE266D01021,3.54,453411500.0,2026-09-26,
MANGLMCEM.NS,INE347A01017,41.76,27497298.0,2026-09-26,
CARERATING.NS,INE752H01013,58.92,30087146.0,2026-09-26,
DCW.NS,INE500A01029,2.41,295155017.0,2026-09-26,
CELLO.NS,INE0LMW01024,14.39,220885034.0,2026-09-26,
WAAREERTL.NS,INE299N01021,48.64,104379217.0,2026-09-26,
SIRCA.NS,INE792Z01011,11.9,56792800.0,2026-09-26,
LUMAXIND.NS,INE162B01018,200.18,9347732.0,2026-09-26,
GIPCL.NS,INE162A01010,32.4,155215944.0,2026-09-26,
SGFIN.NS,INE618R01015,26.58,65895000.0,2026-09-26,
FINEORG.NS,INE686Y01026,142.83,30659976.0,2026-09-26,
TVSSCS.NS,INE395N01027,1.46,441223777.0,2026-09-26,
GANECOS.NS,INE845D01014,21.09,26737394.0,2026-09-26,
TRUALT.NS,INE0MWH01014,17.32,85752591.0,2026-09-26,
PENIND.NS,INE932A01024,10.54,134946231.0,2026-09-26,
PICCADIL.NS,INE546C01010,14.71,98571508.0,2026-09-26,
SPAL.NS,INE212I01016,41.71,25138883.0,2026-09-26,
KIRLPNU.NS,INE811A01038,20.2,129926380.0,2026-09-26,
UTTAMSUGAR.NS,INE786F01031,22.81,38138120.0,2026-09-26,
TVSHLTD.NS,INE105A01035,974.06,20232104.0,2026-09-26,
HCG.NS,INE075I01017,1.54,149302203.0,2026-09-26,
BLUECLOUDS.NS,INE373T01047,1.03,,2026-09-26,
BATAINDIA.NS,INE176A01028,11.4,128527540.0,2026-09-26,
ORIENTHOT.NS,INE750A01020,3.73,178599180.0,2026-09-26,
CIEINDIA.NS,INE536H01010,23.63,379362377.0,2026-09-26,
ORIANA.NS,INE0OUT01027,,101595750.0,2026-09-26,
BCG.NS,INE425B01027,5.03,2018521873.0,2026-09-26,
TATVA.NS,INE0GK401011,22.06,23392055.0,2026-09-26,
HMAAGRO.NS,INE0ECP01024,4.28,500769770.0,2026-09-26,
FUSION.NS,INE139R01012,12.29,161552105.0,2026-09-26,
BAYERCROP.NS,INE462A01022,162.83,44942092.0,2026-09-26,
LMW.NS,INE269B01029,162.76,10683000.0,2026-09-26,
SOBHA.NS,INE671H01015,21.59,106932977.0,2026-09-26,
YASHHV.BO,INE00GK01023,12.93,28625549.0,2026-09-26,
GHCLTEXTIL.NS,INE0PA801013,10.07,95585786.0,2026-09-26,
ARIHANTCAP.NS,INE420B01036,3.61,109612400.0,2026-09-26,
CRAMC.NS,INE218I01013,10.87,199417428.0,2026-09-26,
TIRUMALCHM.NS,INE338A01024,-12.67,120552774.0,2026-09-26,
AAYUSHBULL.BO,INE777X01017,5.21,15312175.0,2026-09-26,
CARYSIL.NS,INE482D01024,37.57,28442606.0,2026-09-26,
METROBRAND.NS,INE317I01021,14.91,272592741.0,2026-09-26,
ALGOQUANT.NS,INE598D01035,1.62,281096028.0,2026-09-26,
EIHOTEL.NS,INE230A01023,11.38,625364182.0,2026-09-26,
UCOBANK.NS,INE691A01018,2.25,12539558979.0,2026-09-26,
AASTHA.NS,INE2FMX01012,2.69,88284380.0,2026-09-26,
SHREEREF.BO,INE0FMZ01045,6.4,35796384.0,2026-09-26,
KAPSTON.NS,INE542Z01028,10.02,30432183.0,2026-09-26,
SANDUMA.NS,INE149K01016,14.75,486104814.0,2026-09-26,
MOL.NS,INE0CT101020,2.53,254314211.0,2026-09-26,
IMAGICAA.NS,INE172N01012,0.25,589343947.0,2026-09-26,
ANAWIL.NS,INE1J5V01013,,,2026-09-26,
RPGLIFE.NS,INE105J01010,72.3,16539015.0,2026-09-26,
GRMOVER.NS,INE192H01020,4.94,207210000.0,2026-09-26,
MASFIN.NS,INE348L01012,21.74,181453377.0,2026-09-26,
HARSHA.NS,INE0JUS01029,17.0,91044105.0,2026-09-26,
AJAXENGG.NS,INE274Y01021,19.81,114411316.0,2026-09-26,
MASTERTR.NS,INE677D01037,10.96,123016000.0,2026-09-26,
APCOTEXIND.NS,INE116A01032,31.11,51844960.0,2026-09-26,
SILVERTUC.NS,INE625X01026,28.8,126810000.0,2026-09-26,
ADVAIT.NS,INE0ALI01010,52.42,10936777.0,2026-09-26,
KINGFA.NS,INE473D01015,170.28,13551381.0,2026-09-26,
VIDYAWIRES.NS,INE14UN01029,2.94,212692307.0,2026-09-26,
MONOLITH.NS,INE1DV401010,,,2026-09-26,
PREMIERPOL.NS,INE309M01020,3.34,104742475.0,2026-09-26,
TVSSRICHAK.NS,INE421C01016,120.77,7657050.0,2026-09-26,
EASEMYTRIP.NS,INE07O001026,-0.14,3984650000.0,2026-09-26,
TAALTECH.NS,INE524T01029,40.05,15581710.0,2026-09-26,
MVKAGRO.NS,INE0SGC01015,,50503900.0,2026-09-26,
POWERICA.NS,INE921L01032,22.21,126551877.0,2026-09-26,
DOMS.NS,INE321T01012,35.22,60688336.0,2026-09-26,
JSWDULUX.NS,INE133A01011,430.99,45540314.0,2026-09-26,
PNGSREVA.NS,INE1RDG01013,26.61,31698400.0,2026-09-26,
MWL.NS,INE0JYY01029,1.75,297006740.0,2026-09-26,
SURYAROSNI.NS,INE335A01020,14.33,217635896.0,2026-09-26,
MAYURUNIQ.NS,INE040D01038,47.72,43452600.0,2026-09-26,
AIMTRON.NS,INE0RUV01018,,20609177.0,2026-09-26,
RELAXO.NS,INE131B01039,7.45,248938586.0,2026-09-26,
FREDUN.NS,INE194R01017,22.99,16899669.0,2026-09-26,
MUFIN.NS,INE08KJ01020,2.15,198162188.0,2026-09-26,
KRISHNADEF.NS,INE0J5601015,27.99,14933388.0,2026-09-26,
DREDGECORP.NS,INE506A01018,17.64,28000000.0,2026-09-26,
MEDIASSIST.NS,INE456Z01021,12.67,74701842.0,2026-09-26,
MMTC.NS,INE123F01029,2.85,1500000000.0,2026-09-26,
SKFINDIA.NS,INE640A01023,42.34,49437963.0,2026-09-26,
BOROLTD.NS,INE02PY01013,5.85,119587629.0,2026-09-26,
QLINE.NS,INE1G2W01011,,,2026-09-26,
UNIECOM.NS,INE00U401027,1.82,112379173.0,2026-09-26,
ARVINDFASN.NS,INE955V01021,9.05,133704800.0,2026-09-26,
INTERARCH.NS,INE00M901018,79.79,16817032.0,2026-09-26,
REGAAL.NS,INE0MHO01029,5.96,102993860.0,2026-09-26,
SANDHAR.NS,INE278H01035,34.55,60190708.0,2026-09-26,
SANATHAN.NS,INE0JPD01013,7.17,84404059.0,2026-09-26,
CARRARO.NS,INE0V7W01012,23.38,56851538.0,2026-09-26,
BHAGYANGR.NS,INE458B01036,19.66,33496434.0,2026-09-26,
BHAGERIA.NS,INE354C01027,15.82,43644180.0,2026-09-26,
TGVSL.NS,INE284B01028,12.96,107089800.0,2026-09-26,
GOKULAGRO.NS,INE314T01033,14.25,295086716.0,2026-09-26,
SIGNPOST.NS,INE0KGZ01021,13.78,53450000.0,2026-09-26,
GALAXYSURF.NS,INE600K01018,99.5,35454752.0,2026-09-26,
THOMASCOOK.NS,INE332A01027,4.68,470380562.0,2026-09-26,
HEGAM.NS,INE545A01024,18.67,329798912.0,2026-09-26,
SPICEJET.BO,INE285B01017,-4.34,1526099492.0,2026-09-26,
SHARDACROP.NS,INE221J01015,69.41,90220495.0,2026-09-26,
RSL.NS,INE313L01016,7.04,83567658.0,2026-09-26,
JSWHL.NS,INE824G01012,123.89,11098438.0,2026-09-26,
ADOR.NS,INE045A01017,65.23,17402815.0,2026-09-26,
STEELCAS.NS,INE124E01038,8.96,101200000.0,2026-09-26,
GUJALKALI.NS,INE186A01019,9.02,73436928.0,2026-09-26,
PPEL.BO,INE288301026,15.5,19944960.0,2026-09-26,
SHRINGARMS.NS,INE1B3L01017,14.13,96432080.0,2026-09-26,
GREENPANEL.NS,INE08ZM01014,0.54,122627395.0,2026-09-26,
AGL.NS,INE1YPB01014,,982782096.0,2026-09-26,
VINATIORGA.NS,INE410B01037,43.31,103665632.0,2026-09-26,
KPEL.NS,INE127T01021,26.91,67798099.0,2026-09-26,
CAMPUS.NS,INE278Y01022,5.04,305679721.0,2026-09-26,
NACLIND.NS,INE295D01020,0.5,234243330.0,2026-09-26,
SOMANYCERA.NS,INE355A01028,25.9,41012806.0,2026-09-26,
KWICK.BO,INE1SFA01019,6.29,21436440.0,2026-09-26,
STALLION.NS,INE0RYC01010,5.78,116085737.0,2026-09-26,
ERIS.NS,INE406M01024,46.83,138738569.0,2026-09-26,
INDRAMEDCO.NS,INE681B01017,20.52,91673000.0,2026-09-26,
BOSCH-HCIL.NS,INE782A01015,1.63,27190884.0,2026-09-26,
KALIND.BO,INE377D01026,-1.83,914175000.0,2026-09-26,
CAMLINFINE.NS,INE052I01032,-3.03,192091613.0,2026-09-26,
UNICHEMLAB.NS,INE351A01035,43.21,70405750.0,2026-09-26,
UDS.NS,INE851I01011,12.91,66953241.0,2026-09-26,
ARSSBL.NS,INE549H01021,23.39,63066400.0,2026-09-26,
ELANTAS.NS,INE280B01018,223.48,7927682.0,2026-09-26,
INDOBORAX.NS,INE803D01021,17.55,32090000.0,2026-09-26,
GLOBUSSPR.NS,INE615I01010,116.64,31461293.0,2026-09-26,
ISGEC.NS,INE858B01029,15.05,73529510.0,2026-09-26,
BASF.NS,INE373A01013,142.65,43285640.0,2026-09-26,
ELITECON.NS,INE669R01026,1.16,,2026-09-26,
AARTIDRUGS.NS,INE767A01016,20.94,91270000.0,2026-09-26,
SURAJEST.NS,INE843S01025,19.85,47773388.0,2026-09-26,
TNPL.NS,INE107A01015,37.7,69210600.0,2026-09-26,
NITINSPIN.NS,INE229H01012,37.66,56220000.0,2026-09-26,
AIRFLOA.BO,INE0XBS01012,18.65,23969954.0,2026-09-26,
TARC.NS,INE0EK901012,-0.41,295096335.0,2026-09-26,
BLUSPRING.NS,INE0U4101014,-0.77,149502111.0,2026-09-26,
SHARDAMOTR.NS,INE597I01028,57.86,57407706.0,2026-09-26,
SOLEX.NS,INE880Y01017,73.9,10802489.0,2026-09-26,
RITES.NS,INE320J01015,8.69,480603774.0,2026-09-26,
NIBE.NS,INE149O01018,-4.67,15501773.0,2026-09-26,
EPACK.NS,INE0G5901015,-0.81,96276695.0,2026-09-26,
VERANDA.NS,INE0IQ001011,14.52,96506610.0,2026-09-26,
ANNU.NS,INE103001017,5.04,65492670.0,2026-09-26,
SIKA.NS,INE438E01032,16.32,,2026-09-26,
STYRENIX.NS,INE189B01011,153.16,17585625.0,2026-09-26,
PATELENG.NS,INE244B01030,2.93,955047697.0,2026-09-26,
INDIGOPNTS.NS,INE09VQ01012,33.63,47732637.0,2026-09-26,
E2ERAIL.NS,INE1CEJ01017,,,2026-09-26,
HUBTOWN.NS,INE703H01016,6.52,142100657.0,2026-09-26,
SPORTKING.NS,INE885H01029,12.69,127072000.0,2026-09-26,
MMFL.NS,INE227C01017,35.18,48281600.0,2026-09-26,
DCXINDIA.NS,INE0KL801015,-1.83,111386427.0,2026-09-26,
INDIACEM.NS,INE383A01012,3.0,309896036.0,2026-09-26,
SANOFI.NS,INE058A01010,140.66,23030622.0,2026-09-26,
VMART.NS,INE665J01013,17.25,79575390.0,2026-09-26,
KIRLFER.NS,INE884B01025,21.26,165151254.0,2026-09-26,
MEDPLUS.NS,INE804L01022,17.55,120087613.0,2026-09-26,
PDMJEPAPER.NS,INE865T01018,9.59,94950000.0,2026-09-26,
RAJRATAN.NS,INE451D01029,15.69,50771000.0,2026-09-26,
HIRECT.NS,INE835D01023,12.01,34372239.0,2026-09-26,
COSMOFIRST.NS,INE757A01017,63.79,25958155.0,2026-09-26,
AYMSYNTEX.NS,INE193B01039,3.2,58787883.0,2026-09-26,
SAATVIKGL.NS,INE13B501022,19.36,127105004.0,2026-09-26,
JKLAKSHMI.NS,INE786A01032,29.8,124144426.0,2026-09-26,
NESCO.NS,INE317F01035,59.08,70459960.0,2026-09-26,
VEEGALAND.NS,INE1JTV01015,5.46,,2026-09-26,
TTKHLTCARE.NS,INE910C01018,52.38,14130333.0,2026-09-26,
SHILCTECH.NS,INE024F01011,120.28,11440200.0,2026-09-26,
GULFOILLUB.NS,INE635Q01029,75.14,49555526.0,2026-09-26,
CRIZAC.NS,INE0S4R01014,12.59,174982500.0,2026-09-26,
SINDHUTRAD.NS,INE325D01025,0.36,1842383810.0,2026-09-26,
MANAKCOAT.NS,INE830Q01018,4.22,106634050.0,2026-09-26,
ADVENZYMES.NS,INE837H01020,14.81,110337826.0,2026-09-26,
FINPIPE.NS,INE183A01024,9.94,618313905.0,2026-09-26,
MAHLOG.NS,INE766P01016,4.24,99277402.0,2026-09-26,
SWANDEF.NS,INE542F01020,-45.29,52682150.0,2026-09-26,
TECHNOCRAT.BO,INE19QK01022,8.55,17500000.0,2026-09-26,
HITECH.NS,INE106T01025,3.72,202710234.0,2026-09-26,
MARATHON.NS,INE182D01020,30.57,67444551.0,2026-09-26,
IOB.NS,INE565A01014,2.98,19256589795.0,2026-09-26,
EUREKAFORB.NS,INE0KCE01017,9.31,193636816.0,2026-09-26,
JAIBALAJI.NS,INE091G01026,1.58,912251430.0,2026-09-26,
BOMDYEING.NS,INE032A01023,0.97,206534900.0,2026-09-26,
LUXIND.NS,INE150G01020,34.07,30071681.0,2026-09-26,
TRIDENT.NS,INE064C01022,0.78,5095584070.0,2026-09-26,
IGPL.NS,INE204A01010,26.51,30794850.0,2026-09-26,
STARCEMENT.NS,INE460H01021,9.14,404180417.0,2026-09-26,
CAPACITE.NS,INE264T01014,21.79,84604043.0,2026-09-26,
IRISDOREME.NS,INE01GN01025,0.92,190331470.0,2026-09-26,
SHREEPUSHK.NS,INE712K01011,22.01,32337691.0,2026-09-26,
GREENPLY.NS,INE461C01038,7.9,124902045.0,2026-09-26,
MRTX.BO,INE1RQS01010,9.19,17484854.0,2026-09-26,
DCMSHRIRAM.NS,INE499A01024,91.88,154854814.0,2026-09-26,
AQYLON.NS,INE416A01051,1.12,253730560.0,2026-09-26,
NIVABUPA.NS,INE995S01015,1.0,1849644703.0,2026-09-26,
ORIENTCEM.NS,INE876N01018,10.2,205459873.0,2026-09-26,
FLYSBS.NS,INE0VCK01011,,,2026-09-26,
